ticker,company,period_end,form,metric_name,value,value_billions,unit,concept_used,source,notes,qoq_change_pct,yoy_change_pct,qoq_change_abs,yoy_change_abs
BAC,Bank of America,2019-12-31,10-K,allowance_for_credit_losses,12358000000.0,12.36,USD,FinancingReceivableAllowanceForCreditLossExcludingAccruedInterest,SEC companyfacts API,concept tier: primary. Balance-sheet allowance (reserve) for credit losses on financing receivables.,,,,
BAC,Bank of America,2020-12-31,10-K,allowance_for_credit_losses,18802000000.0,18.8,USD,FinancingReceivableAllowanceForCreditLossExcludingAccruedInterest,SEC companyfacts API,concept tier: primary. Balance-sheet allowance (reserve) for credit losses on financing receivables.,52.14435992879106,,6444000000.0,
BAC,Bank of America,2021-12-31,10-K,allowance_for_credit_losses,12387000000.0,12.39,USD,FinancingReceivableAllowanceForCreditLossExcludingAccruedInterest,SEC companyfacts API,concept tier: primary. Balance-sheet allowance (reserve) for credit losses on financing receivables.,-34.118710775449415,,-6415000000.0,
BAC,Bank of America,2022-03-31,10-Q,allowance_for_credit_losses,12104000000.0,12.1,USD,FinancingReceivableAllowanceForCreditLossExcludingAccruedInterest,SEC companyfacts API,concept tier: primary. Balance-sheet allowance (reserve) for credit losses on financing receivables.,-2.2846532655203036,,-283000000.0,
BAC,Bank of America,2022-06-30,10-Q,allowance_for_credit_losses,11973000000.0,11.97,USD,FinancingReceivableAllowanceForCreditLossExcludingAccruedInterest,SEC companyfacts API,concept tier: primary. Balance-sheet allowance (reserve) for credit losses on financing receivables.,-1.082286847323199,-3.115390839941738,-131000000.0,-385000000.0
BAC,Bank of America,2022-09-30,10-Q,allowance_for_credit_losses,12302000000.0,12.3,USD,FinancingReceivableAllowanceForCreditLossExcludingAccruedInterest,SEC companyfacts API,concept tier: primary. Balance-sheet allowance (reserve) for credit losses on financing receivables.,2.747849327653888,-34.57079034145304,329000000.0,-6500000000.0
BAC,Bank of America,2022-12-31,10-K,allowance_for_credit_losses,12682000000.0,12.68,USD,FinancingReceivableAllowanceForCreditLossExcludingAccruedInterest,SEC companyfacts API,concept tier: primary. Balance-sheet allowance (reserve) for credit losses on financing receivables.,3.0889286294911398,2.381529022362154,380000000.0,295000000.0
BAC,Bank of America,2023-03-31,10-Q,allowance_for_credit_losses,12514000000.0,12.51,USD,FinancingReceivableAllowanceForCreditLossExcludingAccruedInterest,SEC companyfacts API,concept tier: primary. Balance-sheet allowance (reserve) for credit losses on financing receivables.,-1.3247121905062293,3.387309980171844,-168000000.0,410000000.0
BAC,Bank of America,2023-06-30,10-Q,allowance_for_credit_losses,12950000000.0,12.95,USD,FinancingReceivableAllowanceForCreditLossExcludingAccruedInterest,SEC companyfacts API,concept tier: primary. Balance-sheet allowance (reserve) for credit losses on financing receivables.,3.4840978104522935,8.16002672680197,436000000.0,977000000.0
BAC,Bank of America,2023-09-30,10-Q,allowance_for_credit_losses,13287000000.0,13.29,USD,FinancingReceivableAllowanceForCreditLossExcludingAccruedInterest,SEC companyfacts API,concept tier: primary. Balance-sheet allowance (reserve) for credit losses on financing receivables.,2.602316602316602,8.006828158023085,337000000.0,985000000.0
BAC,Bank of America,2023-12-31,10-K,allowance_for_credit_losses,13342000000.0,13.34,USD,FinancingReceivableAllowanceForCreditLossExcludingAccruedInterest,SEC companyfacts API,concept tier: primary. Balance-sheet allowance (reserve) for credit losses on financing receivables.,0.413938436065327,5.204226462703044,55000000.0,660000000.0
BAC,Bank of America,2024-03-31,10-Q,allowance_for_credit_losses,13213000000.0,13.21,USD,FinancingReceivableAllowanceForCreditLossExcludingAccruedInterest,SEC companyfacts API,concept tier: primary. Balance-sheet allowance (reserve) for credit losses on financing receivables.,-0.9668715335032229,5.5857439667572315,-129000000.0,699000000.0
BAC,Bank of America,2021-12-31,10-K,net_charge_off_rate,0.2327,,percent_annualized,computed: net_charge_offs (annualized) / total_loans (net),computed,"concept tier: computed. Annualized net charge-offs as a percent of net loans -- the loss RATE, not a dollar amount. This is the interpretable, cross-bank-comparable view of credit losses. Denominator is period-end net loans (approximates average loans).",,,,
BAC,Bank of America,2022-12-31,10-K,net_charge_off_rate,0.2108,,percent_annualized,computed: net_charge_offs (annualized) / total_loans (net),computed,"concept tier: computed. Annualized net charge-offs as a percent of net loans -- the loss RATE, not a dollar amount. This is the interpretable, cross-bank-comparable view of credit losses. Denominator is period-end net loans (approximates average loans).",-9.411259131929524,,-0.021900000000000003,
BAC,Bank of America,2023-03-31,10-Q,net_charge_off_rate,0.3201,,percent_annualized,computed: net_charge_offs (annualized) / total_loans (net),computed,"concept tier: computed. Annualized net charge-offs as a percent of net loans -- the loss RATE, not a dollar amount. This is the interpretable, cross-bank-comparable view of credit losses. Denominator is period-end net loans (approximates average loans).",51.85009487666035,,0.10930000000000001,
BAC,Bank of America,2023-06-30,10-Q,net_charge_off_rate,0.3394,,percent_annualized,computed: net_charge_offs (annualized) / total_loans (net),computed,"concept tier: computed. Annualized net charge-offs as a percent of net loans -- the loss RATE, not a dollar amount. This is the interpretable, cross-bank-comparable view of credit losses. Denominator is period-end net loans (approximates average loans).",6.029365823180251,,0.019299999999999984,
BAC,Bank of America,2023-09-30,10-Q,net_charge_off_rate,0.3605,,percent_annualized,computed: net_charge_offs (annualized) / total_loans (net),computed,"concept tier: computed. Annualized net charge-offs as a percent of net loans -- the loss RATE, not a dollar amount. This is the interpretable, cross-bank-comparable view of credit losses. Denominator is period-end net loans (approximates average loans).",6.216853270477316,54.92049849591749,0.021100000000000008,0.1278
BAC,Bank of America,2023-12-31,10-K,net_charge_off_rate,0.3662,,percent_annualized,computed: net_charge_offs (annualized) / total_loans (net),computed,"concept tier: computed. Annualized net charge-offs as a percent of net loans -- the loss RATE, not a dollar amount. This is the interpretable, cross-bank-comparable view of credit losses. Denominator is period-end net loans (approximates average loans).",1.5811373092926597,73.71916508538902,0.005700000000000038,0.15540000000000004
BAC,Bank of America,2024-03-31,10-Q,net_charge_off_rate,0.5864,,percent_annualized,computed: net_charge_offs (annualized) / total_loans (net),computed,"concept tier: computed. Annualized net charge-offs as a percent of net loans -- the loss RATE, not a dollar amount. This is the interpretable, cross-bank-comparable view of credit losses. Denominator is period-end net loans (approximates average loans).",60.13107591480066,83.19275226491723,0.2202,0.26630000000000004
BAC,Bank of America,2019-03-31,10-Q,net_charge_offs,1337000000.0,1.34,USD,FinancingReceivableAllowanceForCreditLossesWriteOffs,SEC companyfacts API,"concept tier: stitched. Charge-offs (YTD-cumulative; annualized elsewhere via fact duration). Stitched: the post-CECL net concept (WriteoffAfterRecovery) is used wherever available -- it covers ~2021 onward, including the entire text-corpus window -- and the older gross WriteOffs concept fills the pre-2021 baseline only. So pre-2021 figures are GROSS of recoveries (marginally overstated vs net); the demo-window figures are unchanged net values. concept_used is recorded per row.",,,,
BAC,Bank of America,2019-06-30,10-Q,net_charge_offs,1461000000.0,1.46,USD,FinancingReceivableAllowanceForCreditLossesWriteOffs,SEC companyfacts API,"concept tier: stitched. Charge-offs (YTD-cumulative; annualized elsewhere via fact duration). Stitched: the post-CECL net concept (WriteoffAfterRecovery) is used wherever available -- it covers ~2021 onward, including the entire text-corpus window -- and the older gross WriteOffs concept fills the pre-2021 baseline only. So pre-2021 figures are GROSS of recoveries (marginally overstated vs net); the demo-window figures are unchanged net values. concept_used is recorded per row.",9.274495138369485,,124000000.0,
BAC,Bank of America,2019-09-30,10-Q,net_charge_offs,1512000000.0,1.51,USD,FinancingReceivableAllowanceForCreditLossesWriteOffs,SEC companyfacts API,"concept tier: stitched. Charge-offs (YTD-cumulative; annualized elsewhere via fact duration). Stitched: the post-CECL net concept (WriteoffAfterRecovery) is used wherever available -- it covers ~2021 onward, including the entire text-corpus window -- and the older gross WriteOffs concept fills the pre-2021 baseline only. So pre-2021 figures are GROSS of recoveries (marginally overstated vs net); the demo-window figures are unchanged net values. concept_used is recorded per row.",3.4907597535934287,,51000000.0,
BAC,Bank of America,2019-12-31,10-K,net_charge_offs,5646000000.0,5.65,USD,FinancingReceivableAllowanceForCreditLossesWriteOffs,SEC companyfacts API,"concept tier: stitched. Charge-offs (YTD-cumulative; annualized elsewhere via fact duration). Stitched: the post-CECL net concept (WriteoffAfterRecovery) is used wherever available -- it covers ~2021 onward, including the entire text-corpus window -- and the older gross WriteOffs concept fills the pre-2021 baseline only. So pre-2021 figures are GROSS of recoveries (marginally overstated vs net); the demo-window figures are unchanged net values. concept_used is recorded per row.",273.41269841269843,,4134000000.0,
BAC,Bank of America,2020-03-31,10-Q,net_charge_offs,1438000000.0,1.44,USD,FinancingReceivableAllowanceForCreditLossesWriteOffs,SEC companyfacts API,"concept tier: stitched. Charge-offs (YTD-cumulative; annualized elsewhere via fact duration). Stitched: the post-CECL net concept (WriteoffAfterRecovery) is used wherever available -- it covers ~2021 onward, including the entire text-corpus window -- and the older gross WriteOffs concept fills the pre-2021 baseline only. So pre-2021 figures are GROSS of recoveries (marginally overstated vs net); the demo-window figures are unchanged net values. concept_used is recorded per row.",-74.53064116188453,7.554225878833208,-4208000000.0,101000000.0
BAC,Bank of America,2020-06-30,10-Q,net_charge_offs,1459000000.0,1.46,USD,FinancingReceivableAllowanceForCreditLossesWriteOffs,SEC companyfacts API,"concept tier: stitched. Charge-offs (YTD-cumulative; annualized elsewhere via fact duration). Stitched: the post-CECL net concept (WriteoffAfterRecovery) is used wherever available -- it covers ~2021 onward, including the entire text-corpus window -- and the older gross WriteOffs concept fills the pre-2021 baseline only. So pre-2021 figures are GROSS of recoveries (marginally overstated vs net); the demo-window figures are unchanged net values. concept_used is recorded per row.",1.4603616133518775,-0.13689253935660506,21000000.0,-2000000.0
BAC,Bank of America,2020-09-30,10-Q,net_charge_offs,1293000000.0,1.29,USD,FinancingReceivableAllowanceForCreditLossesWriteOffs,SEC companyfacts API,"concept tier: stitched. Charge-offs (YTD-cumulative; annualized elsewhere via fact duration). Stitched: the post-CECL net concept (WriteoffAfterRecovery) is used wherever available -- it covers ~2021 onward, including the entire text-corpus window -- and the older gross WriteOffs concept fills the pre-2021 baseline only. So pre-2021 figures are GROSS of recoveries (marginally overstated vs net); the demo-window figures are unchanged net values. concept_used is recorded per row.",-11.3776559287183,-14.484126984126986,-166000000.0,-219000000.0
BAC,Bank of America,2020-12-31,10-K,net_charge_offs,4121000000.0,4.12,USD,FinancingReceivableExcludingAccruedInterestAllowanceForCreditLossWriteoffAfterRecovery,SEC companyfacts API,"concept tier: stitched. Charge-offs (YTD-cumulative; annualized elsewhere via fact duration). Stitched: the post-CECL net concept (WriteoffAfterRecovery) is used wherever available -- it covers ~2021 onward, including the entire text-corpus window -- and the older gross WriteOffs concept fills the pre-2021 baseline only. So pre-2021 figures are GROSS of recoveries (marginally overstated vs net); the demo-window figures are unchanged net values. concept_used is recorded per row.",218.71616395978344,-27.010272759475733,2828000000.0,-1525000000.0
BAC,Bank of America,2021-03-31,10-Q,net_charge_offs,1186000000.0,1.19,USD,FinancingReceivableAllowanceForCreditLossesWriteOffs,SEC companyfacts API,"concept tier: stitched. Charge-offs (YTD-cumulative; annualized elsewhere via fact duration). Stitched: the post-CECL net concept (WriteoffAfterRecovery) is used wherever available -- it covers ~2021 onward, including the entire text-corpus window -- and the older gross WriteOffs concept fills the pre-2021 baseline only. So pre-2021 figures are GROSS of recoveries (marginally overstated vs net); the demo-window figures are unchanged net values. concept_used is recorded per row.",-71.22057752972579,-17.524339360222534,-2935000000.0,-252000000.0
BAC,Bank of America,2021-06-30,10-Q,net_charge_offs,1061000000.0,1.06,USD,FinancingReceivableAllowanceForCreditLossesWriteOffs,SEC companyfacts API,"concept tier: stitched. Charge-offs (YTD-cumulative; annualized elsewhere via fact duration). Stitched: the post-CECL net concept (WriteoffAfterRecovery) is used wherever available -- it covers ~2021 onward, including the entire text-corpus window -- and the older gross WriteOffs concept fills the pre-2021 baseline only. So pre-2021 figures are GROSS of recoveries (marginally overstated vs net); the demo-window figures are unchanged net values. concept_used is recorded per row.",-10.539629005059021,-27.27895819054147,-125000000.0,-398000000.0
BAC,Bank of America,2021-09-30,10-Q,net_charge_offs,806000000.0,0.81,USD,FinancingReceivableAllowanceForCreditLossesWriteOffs,SEC companyfacts API,"concept tier: stitched. Charge-offs (YTD-cumulative; annualized elsewhere via fact duration). Stitched: the post-CECL net concept (WriteoffAfterRecovery) is used wherever available -- it covers ~2021 onward, including the entire text-corpus window -- and the older gross WriteOffs concept fills the pre-2021 baseline only. So pre-2021 figures are GROSS of recoveries (marginally overstated vs net); the demo-window figures are unchanged net values. concept_used is recorded per row.",-24.03393025447691,-37.66434648105182,-255000000.0,-487000000.0
BAC,Bank of America,2021-12-31,10-K,net_charge_offs,2243000000.0,2.24,USD,FinancingReceivableExcludingAccruedInterestAllowanceForCreditLossWriteoffAfterRecovery,SEC companyfacts API,"concept tier: stitched. Charge-offs (YTD-cumulative; annualized elsewhere via fact duration). Stitched: the post-CECL net concept (WriteoffAfterRecovery) is used wherever available -- it covers ~2021 onward, including the entire text-corpus window -- and the older gross WriteOffs concept fills the pre-2021 baseline only. So pre-2021 figures are GROSS of recoveries (marginally overstated vs net); the demo-window figures are unchanged net values. concept_used is recorded per row.",178.287841191067,-45.57146323707838,1437000000.0,-1878000000.0
BAC,Bank of America,2022-03-31,10-Q,net_charge_offs,392000000.0,0.39,USD,FinancingReceivableExcludingAccruedInterestAllowanceForCreditLossWriteoffAfterRecovery,SEC companyfacts API,"concept tier: stitched. Charge-offs (YTD-cumulative; annualized elsewhere via fact duration). Stitched: the post-CECL net concept (WriteoffAfterRecovery) is used wherever available -- it covers ~2021 onward, including the entire text-corpus window -- and the older gross WriteOffs concept fills the pre-2021 baseline only. So pre-2021 figures are GROSS of recoveries (marginally overstated vs net); the demo-window figures are unchanged net values. concept_used is recorded per row.",-82.52340615247437,-66.94772344013491,-1851000000.0,-794000000.0
BAC,Bank of America,2022-06-30,10-Q,net_charge_offs,571000000.0,0.57,USD,FinancingReceivableExcludingAccruedInterestAllowanceForCreditLossWriteoffAfterRecovery,SEC companyfacts API,"concept tier: stitched. Charge-offs (YTD-cumulative; annualized elsewhere via fact duration). Stitched: the post-CECL net concept (WriteoffAfterRecovery) is used wherever available -- it covers ~2021 onward, including the entire text-corpus window -- and the older gross WriteOffs concept fills the pre-2021 baseline only. So pre-2021 figures are GROSS of recoveries (marginally overstated vs net); the demo-window figures are unchanged net values. concept_used is recorded per row.",45.66326530612245,-46.182846371347786,179000000.0,-490000000.0
BAC,Bank of America,2022-09-30,10-Q,net_charge_offs,520000000.0,0.52,USD,FinancingReceivableExcludingAccruedInterestAllowanceForCreditLossWriteoffAfterRecovery,SEC companyfacts API,"concept tier: stitched. Charge-offs (YTD-cumulative; annualized elsewhere via fact duration). Stitched: the post-CECL net concept (WriteoffAfterRecovery) is used wherever available -- it covers ~2021 onward, including the entire text-corpus window -- and the older gross WriteOffs concept fills the pre-2021 baseline only. So pre-2021 figures are GROSS of recoveries (marginally overstated vs net); the demo-window figures are unchanged net values. concept_used is recorded per row.",-8.93169877408056,-35.483870967741936,-51000000.0,-286000000.0
BAC,Bank of America,2022-12-31,10-K,net_charge_offs,2172000000.0,2.17,USD,FinancingReceivableExcludingAccruedInterestAllowanceForCreditLossWriteoffAfterRecovery,SEC companyfacts API,"concept tier: stitched. Charge-offs (YTD-cumulative; annualized elsewhere via fact duration). Stitched: the post-CECL net concept (WriteoffAfterRecovery) is used wherever available -- it covers ~2021 onward, including the entire text-corpus window -- and the older gross WriteOffs concept fills the pre-2021 baseline only. So pre-2021 figures are GROSS of recoveries (marginally overstated vs net); the demo-window figures are unchanged net values. concept_used is recorded per row.",317.6923076923077,-3.1654034774855107,1652000000.0,-71000000.0
BAC,Bank of America,2023-03-31,10-Q,net_charge_offs,807000000.0,0.81,USD,FinancingReceivableExcludingAccruedInterestAllowanceForCreditLossWriteoffAfterRecovery,SEC companyfacts API,"concept tier: stitched. Charge-offs (YTD-cumulative; annualized elsewhere via fact duration). Stitched: the post-CECL net concept (WriteoffAfterRecovery) is used wherever available -- it covers ~2021 onward, including the entire text-corpus window -- and the older gross WriteOffs concept fills the pre-2021 baseline only. So pre-2021 figures are GROSS of recoveries (marginally overstated vs net); the demo-window figures are unchanged net values. concept_used is recorded per row.",-62.84530386740331,105.86734693877551,-1365000000.0,415000000.0
BAC,Bank of America,2023-06-30,10-Q,net_charge_offs,869000000.0,0.87,USD,FinancingReceivableExcludingAccruedInterestAllowanceForCreditLossWriteoffAfterRecovery,SEC companyfacts API,"concept tier: stitched. Charge-offs (YTD-cumulative; annualized elsewhere via fact duration). Stitched: the post-CECL net concept (WriteoffAfterRecovery) is used wherever available -- it covers ~2021 onward, including the entire text-corpus window -- and the older gross WriteOffs concept fills the pre-2021 baseline only. So pre-2021 figures are GROSS of recoveries (marginally overstated vs net); the demo-window figures are unchanged net values. concept_used is recorded per row.",7.68277571251549,52.1891418563923,62000000.0,298000000.0
BAC,Bank of America,2023-09-30,10-Q,net_charge_offs,931000000.0,0.93,USD,FinancingReceivableExcludingAccruedInterestAllowanceForCreditLossWriteoffAfterRecovery,SEC companyfacts API,"concept tier: stitched. Charge-offs (YTD-cumulative; annualized elsewhere via fact duration). Stitched: the post-CECL net concept (WriteoffAfterRecovery) is used wherever available -- it covers ~2021 onward, including the entire text-corpus window -- and the older gross WriteOffs concept fills the pre-2021 baseline only. So pre-2021 figures are GROSS of recoveries (marginally overstated vs net); the demo-window figures are unchanged net values. concept_used is recorded per row.",7.13463751438435,79.03846153846153,62000000.0,411000000.0
BAC,Bank of America,2023-12-31,10-K,net_charge_offs,3799000000.0,3.8,USD,FinancingReceivableExcludingAccruedInterestAllowanceForCreditLossWriteoffAfterRecovery,SEC companyfacts API,"concept tier: stitched. Charge-offs (YTD-cumulative; annualized elsewhere via fact duration). Stitched: the post-CECL net concept (WriteoffAfterRecovery) is used wherever available -- it covers ~2021 onward, including the entire text-corpus window -- and the older gross WriteOffs concept fills the pre-2021 baseline only. So pre-2021 figures are GROSS of recoveries (marginally overstated vs net); the demo-window figures are unchanged net values. concept_used is recorded per row.",308.0558539205156,74.90791896869244,2868000000.0,1627000000.0
BAC,Bank of America,2024-03-31,10-Q,net_charge_offs,1498000000.0,1.5,USD,FinancingReceivableExcludingAccruedInterestAllowanceForCreditLossWriteoffAfterRecovery,SEC companyfacts API,"concept tier: stitched. Charge-offs (YTD-cumulative; annualized elsewhere via fact duration). Stitched: the post-CECL net concept (WriteoffAfterRecovery) is used wherever available -- it covers ~2021 onward, including the entire text-corpus window -- and the older gross WriteOffs concept fills the pre-2021 baseline only. So pre-2021 figures are GROSS of recoveries (marginally overstated vs net); the demo-window figures are unchanged net values. concept_used is recorded per row.",-60.56857067649381,85.62577447335812,-2301000000.0,691000000.0
BAC,Bank of America,2020-12-31,10-K,provision_for_credit_losses,10565000000.0,10.56,USD,FinancingReceivableExcludingAccruedInterestCreditLossExpenseReversal,SEC companyfacts API,concept tier: fallback. Income-statement provision expense. Concept tagging is bank-specific post-CECL; treat cross-bank comparison as directional rather than exact line-item equivalence.,,,,
BAC,Bank of America,2021-12-31,10-K,provision_for_credit_losses,-4173000000.0,-4.17,USD,FinancingReceivableExcludingAccruedInterestCreditLossExpenseReversal,SEC companyfacts API,concept tier: fallback. Income-statement provision expense. Concept tagging is bank-specific post-CECL; treat cross-bank comparison as directional rather than exact line-item equivalence.,-139.4983435873166,,-14738000000.0,
BAC,Bank of America,2022-03-31,10-Q,provision_for_credit_losses,108000000.0,0.11,USD,FinancingReceivableExcludingAccruedInterestCreditLossExpenseReversal,SEC companyfacts API,concept tier: fallback. Income-statement provision expense. Concept tagging is bank-specific post-CECL; treat cross-bank comparison as directional rather than exact line-item equivalence.,102.588066139468,,4281000000.0,
BAC,Bank of America,2022-06-30,10-Q,provision_for_credit_losses,441000000.0,0.44,USD,FinancingReceivableExcludingAccruedInterestCreditLossExpenseReversal,SEC companyfacts API,concept tier: fallback. Income-statement provision expense. Concept tagging is bank-specific post-CECL; treat cross-bank comparison as directional rather than exact line-item equivalence.,308.33333333333337,,333000000.0,
BAC,Bank of America,2022-09-30,10-Q,provision_for_credit_losses,845000000.0,0.84,USD,FinancingReceivableExcludingAccruedInterestCreditLossExpenseReversal,SEC companyfacts API,concept tier: fallback. Income-statement provision expense. Concept tagging is bank-specific post-CECL; treat cross-bank comparison as directional rather than exact line-item equivalence.,91.60997732426304,-92.00189304306673,404000000.0,-9720000000.0
BAC,Bank of America,2022-12-31,10-K,provision_for_credit_losses,2460000000.0,2.46,USD,FinancingReceivableExcludingAccruedInterestCreditLossExpenseReversal,SEC companyfacts API,concept tier: fallback. Income-statement provision expense. Concept tagging is bank-specific post-CECL; treat cross-bank comparison as directional rather than exact line-item equivalence.,191.12426035502958,158.95039539899355,1615000000.0,6633000000.0
BAC,Bank of America,2023-03-31,10-Q,provision_for_credit_losses,900000000.0,0.9,USD,FinancingReceivableExcludingAccruedInterestCreditLossExpenseReversal,SEC companyfacts API,concept tier: fallback. Income-statement provision expense. Concept tagging is bank-specific post-CECL; treat cross-bank comparison as directional rather than exact line-item equivalence.,-63.41463414634146,733.3333333333333,-1560000000.0,792000000.0
BAC,Bank of America,2023-06-30,10-Q,provision_for_credit_losses,1309000000.0,1.31,USD,FinancingReceivableExcludingAccruedInterestCreditLossExpenseReversal,SEC companyfacts API,concept tier: fallback. Income-statement provision expense. Concept tagging is bank-specific post-CECL; treat cross-bank comparison as directional rather than exact line-item equivalence.,45.44444444444444,196.8253968253968,409000000.0,868000000.0
BAC,Bank of America,2023-09-30,10-Q,provision_for_credit_losses,1268000000.0,1.27,USD,FinancingReceivableExcludingAccruedInterestCreditLossExpenseReversal,SEC companyfacts API,concept tier: fallback. Income-statement provision expense. Concept tagging is bank-specific post-CECL; treat cross-bank comparison as directional rather than exact line-item equivalence.,-3.132161955691368,50.05917159763313,-41000000.0,423000000.0
BAC,Bank of America,2023-12-31,10-K,provision_for_credit_losses,4725000000.0,4.72,USD,FinancingReceivableExcludingAccruedInterestCreditLossExpenseReversal,SEC companyfacts API,concept tier: fallback. Income-statement provision expense. Concept tagging is bank-specific post-CECL; treat cross-bank comparison as directional rather than exact line-item equivalence.,272.63406940063095,92.07317073170732,3457000000.0,2265000000.0
BAC,Bank of America,2024-03-31,10-Q,provision_for_credit_losses,1370000000.0,1.37,USD,FinancingReceivableExcludingAccruedInterestCreditLossExpenseReversal,SEC companyfacts API,concept tier: fallback. Income-statement provision expense. Concept tagging is bank-specific post-CECL; treat cross-bank comparison as directional rather than exact line-item equivalence.,-71.005291005291,52.22222222222223,-3355000000.0,470000000.0
BAC,Bank of America,2021-12-31,10-K,total_loans,966737000000.0,966.74,USD,computed: FinancingReceivableExcludingAccruedInterestBeforeAllowanceForCreditLoss minus FinancingReceivableAllowanceForCreditLossExcludingAccruedInterest,computed,"concept tier: computed. Loan portfolio balance, net of allowance for credit losses. Computed as gross loans minus allowance rather than trusting each bank's own '...AfterAllowanceForCreditLoss' tag: that tag is internally inconsistent for JPM (its 'after' value is HIGHER than its 'before' value in every period -- impossible for a true net-of-allowance figure), even though it happens to equal before-minus-allowance exactly for BAC and C. Computing it ourselves guarantees net <= gross for all 3 banks.",,,,
BAC,Bank of America,2022-12-31,10-K,total_loans,1033065000000.0,1033.07,USD,computed: FinancingReceivableExcludingAccruedInterestBeforeAllowanceForCreditLoss minus FinancingReceivableAllowanceForCreditLossExcludingAccruedInterest,computed,"concept tier: computed. Loan portfolio balance, net of allowance for credit losses. Computed as gross loans minus allowance rather than trusting each bank's own '...AfterAllowanceForCreditLoss' tag: that tag is internally inconsistent for JPM (its 'after' value is HIGHER than its 'before' value in every period -- impossible for a true net-of-allowance figure), even though it happens to equal before-minus-allowance exactly for BAC and C. Computing it ourselves guarantees net <= gross for all 3 banks.",6.861018043169962,,66328000000.0,
BAC,Bank of America,2023-03-31,10-Q,total_loans,1033892000000.0,1033.89,USD,computed: FinancingReceivableExcludingAccruedInterestBeforeAllowanceForCreditLoss minus FinancingReceivableAllowanceForCreditLossExcludingAccruedInterest,computed,"concept tier: computed. Loan portfolio balance, net of allowance for credit losses. Computed as gross loans minus allowance rather than trusting each bank's own '...AfterAllowanceForCreditLoss' tag: that tag is internally inconsistent for JPM (its 'after' value is HIGHER than its 'before' value in every period -- impossible for a true net-of-allowance figure), even though it happens to equal before-minus-allowance exactly for BAC and C. Computing it ourselves guarantees net <= gross for all 3 banks.",0.08005304603292146,,827000000.0,
BAC,Bank of America,2023-06-30,10-Q,total_loans,1038274000000.0,1038.27,USD,computed: FinancingReceivableExcludingAccruedInterestBeforeAllowanceForCreditLoss minus FinancingReceivableAllowanceForCreditLossExcludingAccruedInterest,computed,"concept tier: computed. Loan portfolio balance, net of allowance for credit losses. Computed as gross loans minus allowance rather than trusting each bank's own '...AfterAllowanceForCreditLoss' tag: that tag is internally inconsistent for JPM (its 'after' value is HIGHER than its 'before' value in every period -- impossible for a true net-of-allowance figure), even though it happens to equal before-minus-allowance exactly for BAC and C. Computing it ourselves guarantees net <= gross for all 3 banks.",0.42383537158620055,,4382000000.0,
BAC,Bank of America,2023-09-30,10-Q,total_loans,1035862000000.0,1035.86,USD,computed: FinancingReceivableExcludingAccruedInterestBeforeAllowanceForCreditLoss minus FinancingReceivableAllowanceForCreditLossExcludingAccruedInterest,computed,"concept tier: computed. Loan portfolio balance, net of allowance for credit losses. Computed as gross loans minus allowance rather than trusting each bank's own '...AfterAllowanceForCreditLoss' tag: that tag is internally inconsistent for JPM (its 'after' value is HIGHER than its 'before' value in every period -- impossible for a true net-of-allowance figure), even though it happens to equal before-minus-allowance exactly for BAC and C. Computing it ourselves guarantees net <= gross for all 3 banks.",-0.23230861988261287,7.150341819957237,-2412000000.0,69125000000.0
BAC,Bank of America,2023-12-31,10-K,total_loans,1040390000000.0,1040.39,USD,computed: FinancingReceivableExcludingAccruedInterestBeforeAllowanceForCreditLoss minus FinancingReceivableAllowanceForCreditLossExcludingAccruedInterest,computed,"concept tier: computed. Loan portfolio balance, net of allowance for credit losses. Computed as gross loans minus allowance rather than trusting each bank's own '...AfterAllowanceForCreditLoss' tag: that tag is internally inconsistent for JPM (its 'after' value is HIGHER than its 'before' value in every period -- impossible for a true net-of-allowance figure), even though it happens to equal before-minus-allowance exactly for BAC and C. Computing it ourselves guarantees net <= gross for all 3 banks.",0.4371238639896048,0.709055093338754,4528000000.0,7325000000.0
BAC,Bank of America,2024-03-31,10-Q,total_loans,1035943000000.0,1035.94,USD,computed: FinancingReceivableExcludingAccruedInterestBeforeAllowanceForCreditLoss minus FinancingReceivableAllowanceForCreditLossExcludingAccruedInterest,computed,"concept tier: computed. Loan portfolio balance, net of allowance for credit losses. Computed as gross loans minus allowance rather than trusting each bank's own '...AfterAllowanceForCreditLoss' tag: that tag is internally inconsistent for JPM (its 'after' value is HIGHER than its 'before' value in every period -- impossible for a true net-of-allowance figure), even though it happens to equal before-minus-allowance exactly for BAC and C. Computing it ourselves guarantees net <= gross for all 3 banks.",-0.4274358653966301,0.1983766196082376,-4447000000.0,2051000000.0
C,Citigroup,2020-12-31,10-K,allowance_for_credit_losses,24956000000.0,24.96,USD,FinancingReceivableAllowanceForCreditLossExcludingAccruedInterest,SEC companyfacts API,concept tier: primary. Balance-sheet allowance (reserve) for credit losses on financing receivables.,,,,
C,Citigroup,2021-12-31,10-K,allowance_for_credit_losses,16455000000.0,16.45,USD,FinancingReceivableAllowanceForCreditLossExcludingAccruedInterest,SEC companyfacts API,concept tier: primary. Balance-sheet allowance (reserve) for credit losses on financing receivables.,-34.06395255649944,,-8501000000.0,
C,Citigroup,2022-03-31,10-Q,allowance_for_credit_losses,15393000000.0,15.39,USD,FinancingReceivableAllowanceForCreditLossExcludingAccruedInterest,SEC companyfacts API,concept tier: primary. Balance-sheet allowance (reserve) for credit losses on financing receivables.,-6.453965360072926,,-1062000000.0,
C,Citigroup,2022-06-30,10-Q,allowance_for_credit_losses,15952000000.0,15.95,USD,FinancingReceivableAllowanceForCreditLossExcludingAccruedInterest,SEC companyfacts API,concept tier: primary. Balance-sheet allowance (reserve) for credit losses on financing receivables.,3.6315208211524714,,559000000.0,
C,Citigroup,2022-09-30,10-Q,allowance_for_credit_losses,16309000000.0,16.31,USD,FinancingReceivableAllowanceForCreditLossExcludingAccruedInterest,SEC companyfacts API,concept tier: primary. Balance-sheet allowance (reserve) for credit losses on financing receivables.,2.237963891675025,-34.64898220868729,357000000.0,-8647000000.0
C,Citigroup,2022-12-31,10-K,allowance_for_credit_losses,16974000000.0,16.97,USD,FinancingReceivableAllowanceForCreditLossExcludingAccruedInterest,SEC companyfacts API,concept tier: primary. Balance-sheet allowance (reserve) for credit losses on financing receivables.,4.077503219081489,3.1540565177757522,665000000.0,519000000.0
C,Citigroup,2023-03-31,10-Q,allowance_for_credit_losses,17169000000.0,17.17,USD,FinancingReceivableAllowanceForCreditLossExcludingAccruedInterest,SEC companyfacts API,concept tier: primary. Balance-sheet allowance (reserve) for credit losses on financing receivables.,1.148815835984447,11.53771194698889,195000000.0,1776000000.0
C,Citigroup,2023-06-30,10-Q,allowance_for_credit_losses,17496000000.0,17.5,USD,FinancingReceivableAllowanceForCreditLossExcludingAccruedInterest,SEC companyfacts API,concept tier: primary. Balance-sheet allowance (reserve) for credit losses on financing receivables.,1.9045954918748906,9.679037111334003,327000000.0,1544000000.0
C,Citigroup,2023-09-30,10-Q,allowance_for_credit_losses,17629000000.0,17.63,USD,FinancingReceivableAllowanceForCreditLossExcludingAccruedInterest,SEC companyfacts API,concept tier: primary. Balance-sheet allowance (reserve) for credit losses on financing receivables.,0.7601737540009145,8.093690600282052,133000000.0,1320000000.0
C,Citigroup,2023-12-31,10-K,allowance_for_credit_losses,18145000000.0,18.14,USD,FinancingReceivableAllowanceForCreditLossExcludingAccruedInterest,SEC companyfacts API,concept tier: primary. Balance-sheet allowance (reserve) for credit losses on financing receivables.,2.9269952918486584,6.89878637916814,516000000.0,1171000000.0
C,Citigroup,2024-03-31,10-Q,allowance_for_credit_losses,18296000000.0,18.3,USD,FinancingReceivableAllowanceForCreditLossExcludingAccruedInterest,SEC companyfacts API,concept tier: primary. Balance-sheet allowance (reserve) for credit losses on financing receivables.,0.8321851749793332,6.56415632826606,151000000.0,1127000000.0
C,Citigroup,2022-12-31,10-K,net_charge_off_rate,0.8075,,percent_annualized,computed: net_charge_offs (annualized) / total_loans (net),computed,"concept tier: computed. Annualized net charge-offs as a percent of net loans -- the loss RATE, not a dollar amount. This is the interpretable, cross-bank-comparable view of credit losses. Denominator is period-end net loans (approximates average loans).",,,,
C,Citigroup,2023-03-31,10-Q,net_charge_off_rate,0.8411,,percent_annualized,computed: net_charge_offs (annualized) / total_loans (net),computed,"concept tier: computed. Annualized net charge-offs as a percent of net loans -- the loss RATE, not a dollar amount. This is the interpretable, cross-bank-comparable view of credit losses. Denominator is period-end net loans (approximates average loans).",4.160990712074299,,0.03359999999999996,
C,Citigroup,2023-06-30,10-Q,net_charge_off_rate,0.9484,,percent_annualized,computed: net_charge_offs (annualized) / total_loans (net),computed,"concept tier: computed. Annualized net charge-offs as a percent of net loans -- the loss RATE, not a dollar amount. This is the interpretable, cross-bank-comparable view of credit losses. Denominator is period-end net loans (approximates average loans).",12.757103792652485,,0.10730000000000006,
C,Citigroup,2023-09-30,10-Q,net_charge_off_rate,1.0121,,percent_annualized,computed: net_charge_offs (annualized) / total_loans (net),computed,"concept tier: computed. Annualized net charge-offs as a percent of net loans -- the loss RATE, not a dollar amount. This is the interpretable, cross-bank-comparable view of credit losses. Denominator is period-end net loans (approximates average loans).",6.716575284690002,,0.06369999999999998,
C,Citigroup,2023-12-31,10-K,net_charge_off_rate,1.1774,,percent_annualized,computed: net_charge_offs (annualized) / total_loans (net),computed,"concept tier: computed. Annualized net charge-offs as a percent of net loans -- the loss RATE, not a dollar amount. This is the interpretable, cross-bank-comparable view of credit losses. Denominator is period-end net loans (approximates average loans).",16.332378223495702,45.808049535603715,0.1653,0.3699
C,Citigroup,2024-03-31,10-Q,net_charge_off_rate,1.4232,,percent_annualized,computed: net_charge_offs (annualized) / total_loans (net),computed,"concept tier: computed. Annualized net charge-offs as a percent of net loans -- the loss RATE, not a dollar amount. This is the interpretable, cross-bank-comparable view of credit losses. Denominator is period-end net loans (approximates average loans).",20.87650755902837,69.20699084532161,0.24580000000000002,0.5821000000000001
C,Citigroup,2019-03-31,10-Q,net_charge_offs,2345000000.0,2.35,USD,FinancingReceivableAllowanceForCreditLossesWriteOffs,SEC companyfacts API,"concept tier: stitched. Charge-offs (YTD-cumulative; annualized elsewhere via fact duration). Stitched: the post-CECL net concept (WriteoffAfterRecovery) is used wherever available -- it covers ~2021 onward, including the entire text-corpus window -- and the older gross WriteOffs concept fills the pre-2021 baseline only. So pre-2021 figures are GROSS of recoveries (marginally overstated vs net); the demo-window figures are unchanged net values. concept_used is recorded per row.",,,,
C,Citigroup,2019-06-30,10-Q,net_charge_offs,2354000000.0,2.35,USD,FinancingReceivableAllowanceForCreditLossesWriteOffs,SEC companyfacts API,"concept tier: stitched. Charge-offs (YTD-cumulative; annualized elsewhere via fact duration). Stitched: the post-CECL net concept (WriteoffAfterRecovery) is used wherever available -- it covers ~2021 onward, including the entire text-corpus window -- and the older gross WriteOffs concept fills the pre-2021 baseline only. So pre-2021 figures are GROSS of recoveries (marginally overstated vs net); the demo-window figures are unchanged net values. concept_used is recorded per row.",0.3837953091684435,,9000000.0,
C,Citigroup,2019-09-30,10-Q,net_charge_offs,2281000000.0,2.28,USD,FinancingReceivableAllowanceForCreditLossesWriteOffs,SEC companyfacts API,"concept tier: stitched. Charge-offs (YTD-cumulative; annualized elsewhere via fact duration). Stitched: the post-CECL net concept (WriteoffAfterRecovery) is used wherever available -- it covers ~2021 onward, including the entire text-corpus window -- and the older gross WriteOffs concept fills the pre-2021 baseline only. So pre-2021 figures are GROSS of recoveries (marginally overstated vs net); the demo-window figures are unchanged net values. concept_used is recorded per row.",-3.1011045029736617,,-73000000.0,
C,Citigroup,2019-12-31,10-K,net_charge_offs,9341000000.0,9.34,USD,FinancingReceivableAllowanceForCreditLossesWriteOffs,SEC companyfacts API,"concept tier: stitched. Charge-offs (YTD-cumulative; annualized elsewhere via fact duration). Stitched: the post-CECL net concept (WriteoffAfterRecovery) is used wherever available -- it covers ~2021 onward, including the entire text-corpus window -- and the older gross WriteOffs concept fills the pre-2021 baseline only. So pre-2021 figures are GROSS of recoveries (marginally overstated vs net); the demo-window figures are unchanged net values. concept_used is recorded per row.",309.5133713283647,,7060000000.0,
C,Citigroup,2020-03-31,10-Q,net_charge_offs,2479000000.0,2.48,USD,FinancingReceivableAllowanceForCreditLossesWriteOffs,SEC companyfacts API,"concept tier: stitched. Charge-offs (YTD-cumulative; annualized elsewhere via fact duration). Stitched: the post-CECL net concept (WriteoffAfterRecovery) is used wherever available -- it covers ~2021 onward, including the entire text-corpus window -- and the older gross WriteOffs concept fills the pre-2021 baseline only. So pre-2021 figures are GROSS of recoveries (marginally overstated vs net); the demo-window figures are unchanged net values. concept_used is recorded per row.",-73.46108553688042,5.714285714285714,-6862000000.0,134000000.0
C,Citigroup,2020-06-30,10-Q,net_charge_offs,2528000000.0,2.53,USD,FinancingReceivableAllowanceForCreditLossesWriteOffs,SEC companyfacts API,"concept tier: stitched. Charge-offs (YTD-cumulative; annualized elsewhere via fact duration). Stitched: the post-CECL net concept (WriteoffAfterRecovery) is used wherever available -- it covers ~2021 onward, including the entire text-corpus window -- and the older gross WriteOffs concept fills the pre-2021 baseline only. So pre-2021 figures are GROSS of recoveries (marginally overstated vs net); the demo-window figures are unchanged net values. concept_used is recorded per row.",1.9766034691407826,7.391673746813934,49000000.0,174000000.0
C,Citigroup,2020-09-30,10-Q,net_charge_offs,2367000000.0,2.37,USD,FinancingReceivableAllowanceForCreditLossesWriteOffs,SEC companyfacts API,"concept tier: stitched. Charge-offs (YTD-cumulative; annualized elsewhere via fact duration). Stitched: the post-CECL net concept (WriteoffAfterRecovery) is used wherever available -- it covers ~2021 onward, including the entire text-corpus window -- and the older gross WriteOffs concept fills the pre-2021 baseline only. So pre-2021 figures are GROSS of recoveries (marginally overstated vs net); the demo-window figures are unchanged net values. concept_used is recorded per row.",-6.36867088607595,3.7702761946514687,-161000000.0,86000000.0
C,Citigroup,2020-12-31,10-K,net_charge_offs,9263000000.0,9.26,USD,FinancingReceivableAllowanceForCreditLossesWriteOffs,SEC companyfacts API,"concept tier: stitched. Charge-offs (YTD-cumulative; annualized elsewhere via fact duration). Stitched: the post-CECL net concept (WriteoffAfterRecovery) is used wherever available -- it covers ~2021 onward, including the entire text-corpus window -- and the older gross WriteOffs concept fills the pre-2021 baseline only. So pre-2021 figures are GROSS of recoveries (marginally overstated vs net); the demo-window figures are unchanged net values. concept_used is recorded per row.",291.3392479932404,-0.835028369553581,6896000000.0,-78000000.0
C,Citigroup,2021-03-31,10-Q,net_charge_offs,2208000000.0,2.21,USD,FinancingReceivableAllowanceForCreditLossesWriteOffs,SEC companyfacts API,"concept tier: stitched. Charge-offs (YTD-cumulative; annualized elsewhere via fact duration). Stitched: the post-CECL net concept (WriteoffAfterRecovery) is used wherever available -- it covers ~2021 onward, including the entire text-corpus window -- and the older gross WriteOffs concept fills the pre-2021 baseline only. So pre-2021 figures are GROSS of recoveries (marginally overstated vs net); the demo-window figures are unchanged net values. concept_used is recorded per row.",-76.16323005505775,-10.931827349737798,-7055000000.0,-271000000.0
C,Citigroup,2021-06-30,10-Q,net_charge_offs,1844000000.0,1.84,USD,FinancingReceivableAllowanceForCreditLossesWriteOffs,SEC companyfacts API,"concept tier: stitched. Charge-offs (YTD-cumulative; annualized elsewhere via fact duration). Stitched: the post-CECL net concept (WriteoffAfterRecovery) is used wherever available -- it covers ~2021 onward, including the entire text-corpus window -- and the older gross WriteOffs concept fills the pre-2021 baseline only. So pre-2021 figures are GROSS of recoveries (marginally overstated vs net); the demo-window figures are unchanged net values. concept_used is recorded per row.",-16.485507246376812,-27.056962025316455,-364000000.0,-684000000.0
C,Citigroup,2021-09-30,10-Q,net_charge_offs,1389000000.0,1.39,USD,FinancingReceivableAllowanceForCreditLossesWriteOffs,SEC companyfacts API,"concept tier: stitched. Charge-offs (YTD-cumulative; annualized elsewhere via fact duration). Stitched: the post-CECL net concept (WriteoffAfterRecovery) is used wherever available -- it covers ~2021 onward, including the entire text-corpus window -- and the older gross WriteOffs concept fills the pre-2021 baseline only. So pre-2021 figures are GROSS of recoveries (marginally overstated vs net); the demo-window figures are unchanged net values. concept_used is recorded per row.",-24.67462039045553,-41.31812420785805,-455000000.0,-978000000.0
C,Citigroup,2021-12-31,10-K,net_charge_offs,6720000000.0,6.72,USD,FinancingReceivableAllowanceForCreditLossesWriteOffs,SEC companyfacts API,"concept tier: stitched. Charge-offs (YTD-cumulative; annualized elsewhere via fact duration). Stitched: the post-CECL net concept (WriteoffAfterRecovery) is used wherever available -- it covers ~2021 onward, including the entire text-corpus window -- and the older gross WriteOffs concept fills the pre-2021 baseline only. So pre-2021 figures are GROSS of recoveries (marginally overstated vs net); the demo-window figures are unchanged net values. concept_used is recorded per row.",383.80129589632827,-27.453308863219263,5331000000.0,-2543000000.0
C,Citigroup,2022-03-31,10-Q,net_charge_offs,872000000.0,0.87,USD,FinancingReceivableExcludingAccruedInterestAllowanceForCreditLossWriteoffAfterRecovery,SEC companyfacts API,"concept tier: stitched. Charge-offs (YTD-cumulative; annualized elsewhere via fact duration). Stitched: the post-CECL net concept (WriteoffAfterRecovery) is used wherever available -- it covers ~2021 onward, including the entire text-corpus window -- and the older gross WriteOffs concept fills the pre-2021 baseline only. So pre-2021 figures are GROSS of recoveries (marginally overstated vs net); the demo-window figures are unchanged net values. concept_used is recorded per row.",-87.02380952380952,-60.507246376811594,-5848000000.0,-1336000000.0
C,Citigroup,2022-06-30,10-Q,net_charge_offs,850000000.0,0.85,USD,FinancingReceivableExcludingAccruedInterestAllowanceForCreditLossWriteoffAfterRecovery,SEC companyfacts API,"concept tier: stitched. Charge-offs (YTD-cumulative; annualized elsewhere via fact duration). Stitched: the post-CECL net concept (WriteoffAfterRecovery) is used wherever available -- it covers ~2021 onward, including the entire text-corpus window -- and the older gross WriteOffs concept fills the pre-2021 baseline only. So pre-2021 figures are GROSS of recoveries (marginally overstated vs net); the demo-window figures are unchanged net values. concept_used is recorded per row.",-2.522935779816514,-53.90455531453362,-22000000.0,-994000000.0
C,Citigroup,2022-09-30,10-Q,net_charge_offs,887000000.0,0.89,USD,FinancingReceivableExcludingAccruedInterestAllowanceForCreditLossWriteoffAfterRecovery,SEC companyfacts API,"concept tier: stitched. Charge-offs (YTD-cumulative; annualized elsewhere via fact duration). Stitched: the post-CECL net concept (WriteoffAfterRecovery) is used wherever available -- it covers ~2021 onward, including the entire text-corpus window -- and the older gross WriteOffs concept fills the pre-2021 baseline only. So pre-2021 figures are GROSS of recoveries (marginally overstated vs net); the demo-window figures are unchanged net values. concept_used is recorded per row.",4.352941176470588,-36.14110871130309,37000000.0,-502000000.0
C,Citigroup,2022-12-31,10-K,net_charge_offs,5156000000.0,5.16,USD,FinancingReceivableAllowanceForCreditLossesWriteOffs,SEC companyfacts API,"concept tier: stitched. Charge-offs (YTD-cumulative; annualized elsewhere via fact duration). Stitched: the post-CECL net concept (WriteoffAfterRecovery) is used wherever available -- it covers ~2021 onward, including the entire text-corpus window -- and the older gross WriteOffs concept fills the pre-2021 baseline only. So pre-2021 figures are GROSS of recoveries (marginally overstated vs net); the demo-window figures are unchanged net values. concept_used is recorded per row.",481.28523111612174,-23.273809523809526,4269000000.0,-1564000000.0
C,Citigroup,2023-03-31,10-Q,net_charge_offs,1302000000.0,1.3,USD,FinancingReceivableExcludingAccruedInterestAllowanceForCreditLossWriteoffAfterRecovery,SEC companyfacts API,"concept tier: stitched. Charge-offs (YTD-cumulative; annualized elsewhere via fact duration). Stitched: the post-CECL net concept (WriteoffAfterRecovery) is used wherever available -- it covers ~2021 onward, including the entire text-corpus window -- and the older gross WriteOffs concept fills the pre-2021 baseline only. So pre-2021 figures are GROSS of recoveries (marginally overstated vs net); the demo-window figures are unchanged net values. concept_used is recorded per row.",-74.7478665632273,49.31192660550459,-3854000000.0,430000000.0
C,Citigroup,2023-06-30,10-Q,net_charge_offs,1504000000.0,1.5,USD,FinancingReceivableExcludingAccruedInterestAllowanceForCreditLossWriteoffAfterRecovery,SEC companyfacts API,"concept tier: stitched. Charge-offs (YTD-cumulative; annualized elsewhere via fact duration). Stitched: the post-CECL net concept (WriteoffAfterRecovery) is used wherever available -- it covers ~2021 onward, including the entire text-corpus window -- and the older gross WriteOffs concept fills the pre-2021 baseline only. So pre-2021 figures are GROSS of recoveries (marginally overstated vs net); the demo-window figures are unchanged net values. concept_used is recorded per row.",15.514592933947775,76.94117647058823,202000000.0,654000000.0
C,Citigroup,2023-09-30,10-Q,net_charge_offs,1637000000.0,1.64,USD,FinancingReceivableExcludingAccruedInterestAllowanceForCreditLossWriteoffAfterRecovery,SEC companyfacts API,"concept tier: stitched. Charge-offs (YTD-cumulative; annualized elsewhere via fact duration). Stitched: the post-CECL net concept (WriteoffAfterRecovery) is used wherever available -- it covers ~2021 onward, including the entire text-corpus window -- and the older gross WriteOffs concept fills the pre-2021 baseline only. So pre-2021 figures are GROSS of recoveries (marginally overstated vs net); the demo-window figures are unchanged net values. concept_used is recorded per row.",8.84308510638298,84.55467869222097,133000000.0,750000000.0
C,Citigroup,2023-12-31,10-K,net_charge_offs,7881000000.0,7.88,USD,FinancingReceivableAllowanceForCreditLossesWriteOffs,SEC companyfacts API,"concept tier: stitched. Charge-offs (YTD-cumulative; annualized elsewhere via fact duration). Stitched: the post-CECL net concept (WriteoffAfterRecovery) is used wherever available -- it covers ~2021 onward, including the entire text-corpus window -- and the older gross WriteOffs concept fills the pre-2021 baseline only. So pre-2021 figures are GROSS of recoveries (marginally overstated vs net); the demo-window figures are unchanged net values. concept_used is recorded per row.",381.4294441050703,52.85104732350659,6244000000.0,2725000000.0
C,Citigroup,2024-03-31,10-Q,net_charge_offs,2303000000.0,2.3,USD,FinancingReceivableExcludingAccruedInterestAllowanceForCreditLossWriteoffAfterRecovery,SEC companyfacts API,"concept tier: stitched. Charge-offs (YTD-cumulative; annualized elsewhere via fact duration). Stitched: the post-CECL net concept (WriteoffAfterRecovery) is used wherever available -- it covers ~2021 onward, including the entire text-corpus window -- and the older gross WriteOffs concept fills the pre-2021 baseline only. So pre-2021 figures are GROSS of recoveries (marginally overstated vs net); the demo-window figures are unchanged net values. concept_used is recorded per row.",-70.77782007359473,76.88172043010752,-5578000000.0,1001000000.0
C,Citigroup,2021-12-31,10-K,provision_for_credit_losses,-3103000000.0,-3.1,USD,FinancingReceivableExcludingAccruedInterestCreditLossExpenseReversal,SEC companyfacts API,concept tier: fallback. Income-statement provision expense. Concept tagging is bank-specific post-CECL; treat cross-bank comparison as directional rather than exact line-item equivalence.,,,,
C,Citigroup,2022-03-31,10-Q,provision_for_credit_losses,260000000.0,0.26,USD,FinancingReceivableExcludingAccruedInterestCreditLossExpenseReversal,SEC companyfacts API,concept tier: fallback. Income-statement provision expense. Concept tagging is bank-specific post-CECL; treat cross-bank comparison as directional rather than exact line-item equivalence.,108.37898807605544,,3363000000.0,
C,Citigroup,2022-06-30,10-Q,provision_for_credit_losses,1384000000.0,1.38,USD,FinancingReceivableExcludingAccruedInterestCreditLossExpenseReversal,SEC companyfacts API,concept tier: fallback. Income-statement provision expense. Concept tagging is bank-specific post-CECL; treat cross-bank comparison as directional rather than exact line-item equivalence.,432.30769230769226,,1124000000.0,
C,Citigroup,2022-09-30,10-Q,provision_for_credit_losses,1328000000.0,1.33,USD,FinancingReceivableExcludingAccruedInterestCreditLossExpenseReversal,SEC companyfacts API,concept tier: fallback. Income-statement provision expense. Concept tagging is bank-specific post-CECL; treat cross-bank comparison as directional rather than exact line-item equivalence.,-4.046242774566474,,-56000000.0,
C,Citigroup,2022-12-31,10-K,provision_for_credit_losses,4745000000.0,4.75,USD,FinancingReceivableExcludingAccruedInterestCreditLossExpenseReversal,SEC companyfacts API,concept tier: fallback. Income-statement provision expense. Concept tagging is bank-specific post-CECL; treat cross-bank comparison as directional rather than exact line-item equivalence.,257.30421686746985,252.9165323880116,3417000000.0,7848000000.0
C,Citigroup,2023-03-31,10-Q,provision_for_credit_losses,1737000000.0,1.74,USD,FinancingReceivableExcludingAccruedInterestCreditLossExpenseReversal,SEC companyfacts API,concept tier: fallback. Income-statement provision expense. Concept tagging is bank-specific post-CECL; treat cross-bank comparison as directional rather than exact line-item equivalence.,-63.39304531085354,568.0769230769231,-3008000000.0,1477000000.0
C,Citigroup,2023-06-30,10-Q,provision_for_credit_losses,1761000000.0,1.76,USD,FinancingReceivableExcludingAccruedInterestCreditLossExpenseReversal,SEC companyfacts API,concept tier: fallback. Income-statement provision expense. Concept tagging is bank-specific post-CECL; treat cross-bank comparison as directional rather than exact line-item equivalence.,1.381692573402418,27.239884393063583,24000000.0,377000000.0
C,Citigroup,2023-09-30,10-Q,provision_for_credit_losses,1816000000.0,1.82,USD,FinancingReceivableExcludingAccruedInterestCreditLossExpenseReversal,SEC companyfacts API,concept tier: fallback. Income-statement provision expense. Concept tagging is bank-specific post-CECL; treat cross-bank comparison as directional rather than exact line-item equivalence.,3.1232254400908577,36.74698795180723,55000000.0,488000000.0
C,Citigroup,2023-12-31,10-K,provision_for_credit_losses,7786000000.0,7.79,USD,FinancingReceivableExcludingAccruedInterestCreditLossExpenseReversal,SEC companyfacts API,concept tier: fallback. Income-statement provision expense. Concept tagging is bank-specific post-CECL; treat cross-bank comparison as directional rather than exact line-item equivalence.,328.7444933920705,64.08851422550053,5970000000.0,3041000000.0
C,Citigroup,2024-03-31,10-Q,provision_for_credit_losses,2422000000.0,2.42,USD,FinancingReceivableExcludingAccruedInterestCreditLossExpenseReversal,SEC companyfacts API,concept tier: fallback. Income-statement provision expense. Concept tagging is bank-specific post-CECL; treat cross-bank comparison as directional rather than exact line-item equivalence.,-68.89288466478294,39.43580886586068,-5364000000.0,685000000.0
C,Citigroup,2022-12-31,10-K,total_loans,640247000000.0,640.25,USD,computed: FinancingReceivableExcludingAccruedInterestBeforeAllowanceForCreditLoss minus FinancingReceivableAllowanceForCreditLossExcludingAccruedInterest,computed,"concept tier: computed. Loan portfolio balance, net of allowance for credit losses. Computed as gross loans minus allowance rather than trusting each bank's own '...AfterAllowanceForCreditLoss' tag: that tag is internally inconsistent for JPM (its 'after' value is HIGHER than its 'before' value in every period -- impossible for a true net-of-allowance figure), even though it happens to equal before-minus-allowance exactly for BAC and C. Computing it ourselves guarantees net <= gross for all 3 banks.",,,,
C,Citigroup,2023-03-31,10-Q,total_loans,634826000000.0,634.83,USD,computed: FinancingReceivableExcludingAccruedInterestBeforeAllowanceForCreditLoss minus FinancingReceivableAllowanceForCreditLossExcludingAccruedInterest,computed,"concept tier: computed. Loan portfolio balance, net of allowance for credit losses. Computed as gross loans minus allowance rather than trusting each bank's own '...AfterAllowanceForCreditLoss' tag: that tag is internally inconsistent for JPM (its 'after' value is HIGHER than its 'before' value in every period -- impossible for a true net-of-allowance figure), even though it happens to equal before-minus-allowance exactly for BAC and C. Computing it ourselves guarantees net <= gross for all 3 banks.",-0.8467044749916828,,-5421000000.0,
C,Citigroup,2023-06-30,10-Q,total_loans,643116000000.0,643.12,USD,computed: FinancingReceivableExcludingAccruedInterestBeforeAllowanceForCreditLoss minus FinancingReceivableAllowanceForCreditLossExcludingAccruedInterest,computed,"concept tier: computed. Loan portfolio balance, net of allowance for credit losses. Computed as gross loans minus allowance rather than trusting each bank's own '...AfterAllowanceForCreditLoss' tag: that tag is internally inconsistent for JPM (its 'after' value is HIGHER than its 'before' value in every period -- impossible for a true net-of-allowance figure), even though it happens to equal before-minus-allowance exactly for BAC and C. Computing it ourselves guarantees net <= gross for all 3 banks.",1.3058696398698226,,8290000000.0,
C,Citigroup,2023-09-30,10-Q,total_loans,648719000000.0,648.72,USD,computed: FinancingReceivableExcludingAccruedInterestBeforeAllowanceForCreditLoss minus FinancingReceivableAllowanceForCreditLossExcludingAccruedInterest,computed,"concept tier: computed. Loan portfolio balance, net of allowance for credit losses. Computed as gross loans minus allowance rather than trusting each bank's own '...AfterAllowanceForCreditLoss' tag: that tag is internally inconsistent for JPM (its 'after' value is HIGHER than its 'before' value in every period -- impossible for a true net-of-allowance figure), even though it happens to equal before-minus-allowance exactly for BAC and C. Computing it ourselves guarantees net <= gross for all 3 banks.",0.8712269637203864,,5603000000.0,
C,Citigroup,2023-12-31,10-K,total_loans,671217000000.0,671.22,USD,computed: FinancingReceivableExcludingAccruedInterestBeforeAllowanceForCreditLoss minus FinancingReceivableAllowanceForCreditLossExcludingAccruedInterest,computed,"concept tier: computed. Loan portfolio balance, net of allowance for credit losses. Computed as gross loans minus allowance rather than trusting each bank's own '...AfterAllowanceForCreditLoss' tag: that tag is internally inconsistent for JPM (its 'after' value is HIGHER than its 'before' value in every period -- impossible for a true net-of-allowance figure), even though it happens to equal before-minus-allowance exactly for BAC and C. Computing it ourselves guarantees net <= gross for all 3 banks.",3.4680655260598194,4.837195644805833,22498000000.0,30970000000.0
C,Citigroup,2024-03-31,10-Q,total_loans,656282000000.0,656.28,USD,computed: FinancingReceivableExcludingAccruedInterestBeforeAllowanceForCreditLoss minus FinancingReceivableAllowanceForCreditLossExcludingAccruedInterest,computed,"concept tier: computed. Loan portfolio balance, net of allowance for credit losses. Computed as gross loans minus allowance rather than trusting each bank's own '...AfterAllowanceForCreditLoss' tag: that tag is internally inconsistent for JPM (its 'after' value is HIGHER than its 'before' value in every period -- impossible for a true net-of-allowance figure), even though it happens to equal before-minus-allowance exactly for BAC and C. Computing it ourselves guarantees net <= gross for all 3 banks.",-2.2250628336290648,3.379823762731835,-14935000000.0,21456000000.0
JPM,JPMorgan Chase,2019-12-31,10-K,allowance_for_credit_losses,13123000000.0,13.12,USD,FinancingReceivableAllowanceForCreditLossExcludingAccruedInterest,SEC companyfacts API,concept tier: primary. Balance-sheet allowance (reserve) for credit losses on financing receivables.,,,,
JPM,JPMorgan Chase,2020-09-30,10-Q,allowance_for_credit_losses,30814000000.0,30.81,USD,FinancingReceivableAllowanceForCreditLossExcludingAccruedInterest,SEC companyfacts API,concept tier: primary. Balance-sheet allowance (reserve) for credit losses on financing receivables.,134.8091137697173,,17691000000.0,
JPM,JPMorgan Chase,2020-12-31,10-K,allowance_for_credit_losses,28328000000.0,28.33,USD,FinancingReceivableAllowanceForCreditLossExcludingAccruedInterest,SEC companyfacts API,concept tier: primary. Balance-sheet allowance (reserve) for credit losses on financing receivables.,-8.067761407152593,,-2486000000.0,
JPM,JPMorgan Chase,2021-03-31,10-Q,allowance_for_credit_losses,23001000000.0,23.0,USD,FinancingReceivableAllowanceForCreditLossExcludingAccruedInterest,SEC companyfacts API,concept tier: primary. Balance-sheet allowance (reserve) for credit losses on financing receivables.,-18.80471618186953,,-5327000000.0,
JPM,JPMorgan Chase,2021-06-30,10-Q,allowance_for_credit_losses,19500000000.0,19.5,USD,FinancingReceivableAllowanceForCreditLossExcludingAccruedInterest,SEC companyfacts API,concept tier: primary. Balance-sheet allowance (reserve) for credit losses on financing receivables.,-15.221077344463286,48.59407147755849,-3501000000.0,6377000000.0
JPM,JPMorgan Chase,2021-09-30,10-Q,allowance_for_credit_losses,18150000000.0,18.15,USD,FinancingReceivableAllowanceForCreditLossExcludingAccruedInterest,SEC companyfacts API,concept tier: primary. Balance-sheet allowance (reserve) for credit losses on financing receivables.,-6.923076923076923,-41.09820211592133,-1350000000.0,-12664000000.0
JPM,JPMorgan Chase,2021-12-31,10-K,allowance_for_credit_losses,16386000000.0,16.39,USD,FinancingReceivableAllowanceForCreditLossExcludingAccruedInterest,SEC companyfacts API,concept tier: primary. Balance-sheet allowance (reserve) for credit losses on financing receivables.,-9.71900826446281,-42.156170573284385,-1764000000.0,-11942000000.0
JPM,JPMorgan Chase,2022-03-31,10-Q,allowance_for_credit_losses,17192000000.0,17.19,USD,FinancingReceivableAllowanceForCreditLossExcludingAccruedInterest,SEC companyfacts API,concept tier: primary. Balance-sheet allowance (reserve) for credit losses on financing receivables.,4.918833150250214,-25.255423677231427,806000000.0,-5809000000.0
JPM,JPMorgan Chase,2022-06-30,10-Q,allowance_for_credit_losses,17750000000.0,17.75,USD,FinancingReceivableAllowanceForCreditLossExcludingAccruedInterest,SEC companyfacts API,concept tier: primary. Balance-sheet allowance (reserve) for credit losses on financing receivables.,3.2456956724057697,-8.974358974358974,558000000.0,-1750000000.0
JPM,JPMorgan Chase,2022-09-30,10-Q,allowance_for_credit_losses,18185000000.0,18.18,USD,FinancingReceivableAllowanceForCreditLossExcludingAccruedInterest,SEC companyfacts API,concept tier: primary. Balance-sheet allowance (reserve) for credit losses on financing receivables.,2.450704225352113,0.1928374655647383,435000000.0,35000000.0
JPM,JPMorgan Chase,2022-12-31,10-K,allowance_for_credit_losses,19726000000.0,19.73,USD,FinancingReceivableAllowanceForCreditLossExcludingAccruedInterest,SEC companyfacts API,concept tier: primary. Balance-sheet allowance (reserve) for credit losses on financing receivables.,8.47401704701677,20.38325399731478,1541000000.0,3340000000.0
JPM,JPMorgan Chase,2023-03-31,10-Q,allowance_for_credit_losses,20053000000.0,20.05,USD,FinancingReceivableAllowanceForCreditLossExcludingAccruedInterest,SEC companyfacts API,concept tier: primary. Balance-sheet allowance (reserve) for credit losses on financing receivables.,1.6577106357092162,16.641461144718473,327000000.0,2861000000.0
JPM,JPMorgan Chase,2023-06-30,10-Q,allowance_for_credit_losses,21980000000.0,21.98,USD,FinancingReceivableAllowanceForCreditLossExcludingAccruedInterest,SEC companyfacts API,concept tier: primary. Balance-sheet allowance (reserve) for credit losses on financing receivables.,9.609534732957663,23.83098591549296,1927000000.0,4230000000.0
JPM,JPMorgan Chase,2023-09-30,10-Q,allowance_for_credit_losses,21946000000.0,21.95,USD,FinancingReceivableAllowanceForCreditLossExcludingAccruedInterest,SEC companyfacts API,concept tier: primary. Balance-sheet allowance (reserve) for credit losses on financing receivables.,-0.15468607825295724,20.681880670882595,-34000000.0,3761000000.0
JPM,JPMorgan Chase,2023-12-31,10-K,allowance_for_credit_losses,22420000000.0,22.42,USD,FinancingReceivableAllowanceForCreditLossExcludingAccruedInterest,SEC companyfacts API,concept tier: primary. Balance-sheet allowance (reserve) for credit losses on financing receivables.,2.1598468969288254,13.657102301530974,474000000.0,2694000000.0
JPM,JPMorgan Chase,2024-03-31,10-Q,allowance_for_credit_losses,22351000000.0,22.35,USD,FinancingReceivableAllowanceForCreditLossExcludingAccruedInterest,SEC companyfacts API,concept tier: primary. Balance-sheet allowance (reserve) for credit losses on financing receivables.,-0.30776092774308655,11.459631975265546,-69000000.0,2298000000.0
JPM,JPMorgan Chase,2019-12-31,10-K,net_charge_off_rate,0.7323,,percent_annualized,computed: net_charge_offs (annualized) / total_loans (net),computed,"concept tier: computed. Annualized net charge-offs as a percent of net loans -- the loss RATE, not a dollar amount. This is the interpretable, cross-bank-comparable view of credit losses. Denominator is period-end net loans (approximates average loans).",,,,
JPM,JPMorgan Chase,2020-09-30,10-Q,net_charge_off_rate,0.7842,,percent_annualized,computed: net_charge_offs (annualized) / total_loans (net),computed,"concept tier: computed. Annualized net charge-offs as a percent of net loans -- the loss RATE, not a dollar amount. This is the interpretable, cross-bank-comparable view of credit losses. Denominator is period-end net loans (approximates average loans).",7.087259319950848,,0.05190000000000006,
JPM,JPMorgan Chase,2020-12-31,10-K,net_charge_off_rate,0.5642,,percent_annualized,computed: net_charge_offs (annualized) / total_loans (net),computed,"concept tier: computed. Annualized net charge-offs as a percent of net loans -- the loss RATE, not a dollar amount. This is the interpretable, cross-bank-comparable view of credit losses. Denominator is period-end net loans (approximates average loans).",-28.054067839836772,,-0.21999999999999997,
JPM,JPMorgan Chase,2021-03-31,10-Q,net_charge_off_rate,0.6504,,percent_annualized,computed: net_charge_offs (annualized) / total_loans (net),computed,"concept tier: computed. Annualized net charge-offs as a percent of net loans -- the loss RATE, not a dollar amount. This is the interpretable, cross-bank-comparable view of credit losses. Denominator is period-end net loans (approximates average loans).",15.278270116979783,,0.08619999999999994,
JPM,JPMorgan Chase,2021-06-30,10-Q,net_charge_off_rate,0.5704,,percent_annualized,computed: net_charge_offs (annualized) / total_loans (net),computed,"concept tier: computed. Annualized net charge-offs as a percent of net loans -- the loss RATE, not a dollar amount. This is the interpretable, cross-bank-comparable view of credit losses. Denominator is period-end net loans (approximates average loans).",-12.300123001230007,-22.1084255086713,-0.07999999999999996,-0.16189999999999993
JPM,JPMorgan Chase,2021-09-30,10-Q,net_charge_off_rate,0.3249,,percent_annualized,computed: net_charge_offs (annualized) / total_loans (net),computed,"concept tier: computed. Annualized net charge-offs as a percent of net loans -- the loss RATE, not a dollar amount. This is the interpretable, cross-bank-comparable view of credit losses. Denominator is period-end net loans (approximates average loans).",-43.039971949509116,-58.56924254016832,-0.2455,-0.4593
JPM,JPMorgan Chase,2021-12-31,10-K,net_charge_off_rate,0.2891,,percent_annualized,computed: net_charge_offs (annualized) / total_loans (net),computed,"concept tier: computed. Annualized net charge-offs as a percent of net loans -- the loss RATE, not a dollar amount. This is the interpretable, cross-bank-comparable view of credit losses. Denominator is period-end net loans (approximates average loans).",-11.018775007694675,-48.759305210918114,-0.0358,-0.2751
JPM,JPMorgan Chase,2022-03-31,10-Q,net_charge_off_rate,0.2384,,percent_annualized,computed: net_charge_offs (annualized) / total_loans (net),computed,"concept tier: computed. Annualized net charge-offs as a percent of net loans -- the loss RATE, not a dollar amount. This is the interpretable, cross-bank-comparable view of credit losses. Denominator is period-end net loans (approximates average loans).",-17.53718436527154,-63.34563345633456,-0.05070000000000002,-0.412
JPM,JPMorgan Chase,2022-06-30,10-Q,net_charge_off_rate,0.2428,,percent_annualized,computed: net_charge_offs (annualized) / total_loans (net),computed,"concept tier: computed. Annualized net charge-offs as a percent of net loans -- the loss RATE, not a dollar amount. This is the interpretable, cross-bank-comparable view of credit losses. Denominator is period-end net loans (approximates average loans).",1.845637583892612,-57.43338008415147,0.004399999999999987,-0.3276
JPM,JPMorgan Chase,2022-09-30,10-Q,net_charge_off_rate,0.2513,,percent_annualized,computed: net_charge_offs (annualized) / total_loans (net),computed,"concept tier: computed. Annualized net charge-offs as a percent of net loans -- the loss RATE, not a dollar amount. This is the interpretable, cross-bank-comparable view of credit losses. Denominator is period-end net loans (approximates average loans).",3.5008237232290096,-22.653124038165586,0.008500000000000035,-0.0736
JPM,JPMorgan Chase,2022-12-31,10-K,net_charge_off_rate,0.2674,,percent_annualized,computed: net_charge_offs (annualized) / total_loans (net),computed,"concept tier: computed. Annualized net charge-offs as a percent of net loans -- the loss RATE, not a dollar amount. This is the interpretable, cross-bank-comparable view of credit losses. Denominator is period-end net loans (approximates average loans).",6.406685236768802,-7.506053268765131,0.016100000000000003,-0.021699999999999997
JPM,JPMorgan Chase,2023-03-31,10-Q,net_charge_off_rate,0.4379,,percent_annualized,computed: net_charge_offs (annualized) / total_loans (net),computed,"concept tier: computed. Annualized net charge-offs as a percent of net loans -- the loss RATE, not a dollar amount. This is the interpretable, cross-bank-comparable view of credit losses. Denominator is period-end net loans (approximates average loans).",63.76215407629019,83.68288590604027,0.17049999999999998,0.1995
JPM,JPMorgan Chase,2023-06-30,10-Q,net_charge_off_rate,0.4188,,percent_annualized,computed: net_charge_offs (annualized) / total_loans (net),computed,"concept tier: computed. Annualized net charge-offs as a percent of net loans -- the loss RATE, not a dollar amount. This is the interpretable, cross-bank-comparable view of credit losses. Denominator is period-end net loans (approximates average loans).",-4.361726421557434,72.48764415156509,-0.019100000000000006,0.17600000000000002
JPM,JPMorgan Chase,2023-09-30,10-Q,net_charge_off_rate,0.4363,,percent_annualized,computed: net_charge_offs (annualized) / total_loans (net),computed,"concept tier: computed. Annualized net charge-offs as a percent of net loans -- the loss RATE, not a dollar amount. This is the interpretable, cross-bank-comparable view of credit losses. Denominator is period-end net loans (approximates average loans).",4.178605539637062,73.61719060883406,0.017500000000000016,0.185
JPM,JPMorgan Chase,2023-12-31,10-K,net_charge_off_rate,0.4947,,percent_annualized,computed: net_charge_offs (annualized) / total_loans (net),computed,"concept tier: computed. Annualized net charge-offs as a percent of net loans -- the loss RATE, not a dollar amount. This is the interpretable, cross-bank-comparable view of credit losses. Denominator is period-end net loans (approximates average loans).",13.38528535411413,85.00373971578156,0.05839999999999995,0.22729999999999995
JPM,JPMorgan Chase,2024-03-31,10-Q,net_charge_off_rate,0.6388,,percent_annualized,computed: net_charge_offs (annualized) / total_loans (net),computed,"concept tier: computed. Annualized net charge-offs as a percent of net loans -- the loss RATE, not a dollar amount. This is the interpretable, cross-bank-comparable view of credit losses. Denominator is period-end net loans (approximates average loans).",29.12876490802508,45.8780543503083,0.14410000000000006,0.20090000000000002
JPM,JPMorgan Chase,2019-03-31,10-Q,net_charge_offs,1642000000.0,1.64,USD,FinancingReceivableAllowanceForCreditLossesWriteOffs,SEC companyfacts API,"concept tier: stitched. Charge-offs (YTD-cumulative; annualized elsewhere via fact duration). Stitched: the post-CECL net concept (WriteoffAfterRecovery) is used wherever available -- it covers ~2021 onward, including the entire text-corpus window -- and the older gross WriteOffs concept fills the pre-2021 baseline only. So pre-2021 figures are GROSS of recoveries (marginally overstated vs net); the demo-window figures are unchanged net values. concept_used is recorded per row.",,,,
JPM,JPMorgan Chase,2019-06-30,10-Q,net_charge_offs,3346000000.0,3.35,USD,FinancingReceivableAllowanceForCreditLossesWriteOffs,SEC companyfacts API,"concept tier: stitched. Charge-offs (YTD-cumulative; annualized elsewhere via fact duration). Stitched: the post-CECL net concept (WriteoffAfterRecovery) is used wherever available -- it covers ~2021 onward, including the entire text-corpus window -- and the older gross WriteOffs concept fills the pre-2021 baseline only. So pre-2021 figures are GROSS of recoveries (marginally overstated vs net); the demo-window figures are unchanged net values. concept_used is recorded per row.",103.77588306942754,,1704000000.0,
JPM,JPMorgan Chase,2019-09-30,10-Q,net_charge_offs,5022000000.0,5.02,USD,FinancingReceivableAllowanceForCreditLossesWriteOffs,SEC companyfacts API,"concept tier: stitched. Charge-offs (YTD-cumulative; annualized elsewhere via fact duration). Stitched: the post-CECL net concept (WriteoffAfterRecovery) is used wherever available -- it covers ~2021 onward, including the entire text-corpus window -- and the older gross WriteOffs concept fills the pre-2021 baseline only. So pre-2021 figures are GROSS of recoveries (marginally overstated vs net); the demo-window figures are unchanged net values. concept_used is recorded per row.",50.08965929468021,,1676000000.0,
JPM,JPMorgan Chase,2019-12-31,10-K,net_charge_offs,6810000000.0,6.81,USD,FinancingReceivableAllowanceForCreditLossesWriteOffs,SEC companyfacts API,"concept tier: stitched. Charge-offs (YTD-cumulative; annualized elsewhere via fact duration). Stitched: the post-CECL net concept (WriteoffAfterRecovery) is used wherever available -- it covers ~2021 onward, including the entire text-corpus window -- and the older gross WriteOffs concept fills the pre-2021 baseline only. So pre-2021 figures are GROSS of recoveries (marginally overstated vs net); the demo-window figures are unchanged net values. concept_used is recorded per row.",35.603345280764636,,1788000000.0,
JPM,JPMorgan Chase,2020-03-31,10-Q,net_charge_offs,1902000000.0,1.9,USD,FinancingReceivableAllowanceForCreditLossesWriteOffs,SEC companyfacts API,"concept tier: stitched. Charge-offs (YTD-cumulative; annualized elsewhere via fact duration). Stitched: the post-CECL net concept (WriteoffAfterRecovery) is used wherever available -- it covers ~2021 onward, including the entire text-corpus window -- and the older gross WriteOffs concept fills the pre-2021 baseline only. So pre-2021 figures are GROSS of recoveries (marginally overstated vs net); the demo-window figures are unchanged net values. concept_used is recorded per row.",-72.0704845814978,15.834348355663824,-4908000000.0,260000000.0
JPM,JPMorgan Chase,2020-06-30,10-Q,net_charge_offs,3779000000.0,3.78,USD,FinancingReceivableAllowanceForCreditLossesWriteOffs,SEC companyfacts API,"concept tier: stitched. Charge-offs (YTD-cumulative; annualized elsewhere via fact duration). Stitched: the post-CECL net concept (WriteoffAfterRecovery) is used wherever available -- it covers ~2021 onward, including the entire text-corpus window -- and the older gross WriteOffs concept fills the pre-2021 baseline only. So pre-2021 figures are GROSS of recoveries (marginally overstated vs net); the demo-window figures are unchanged net values. concept_used is recorded per row.",98.68559411146161,12.940824865511058,1877000000.0,433000000.0
JPM,JPMorgan Chase,2020-09-30,10-Q,net_charge_offs,5365000000.0,5.37,USD,FinancingReceivableAllowanceForCreditLossesWriteOffs,SEC companyfacts API,"concept tier: stitched. Charge-offs (YTD-cumulative; annualized elsewhere via fact duration). Stitched: the post-CECL net concept (WriteoffAfterRecovery) is used wherever available -- it covers ~2021 onward, including the entire text-corpus window -- and the older gross WriteOffs concept fills the pre-2021 baseline only. So pre-2021 figures are GROSS of recoveries (marginally overstated vs net); the demo-window figures are unchanged net values. concept_used is recorded per row.",41.96877480815031,6.82994822779769,1586000000.0,343000000.0
JPM,JPMorgan Chase,2020-12-31,10-K,net_charge_offs,5259000000.0,5.26,USD,FinancingReceivableExcludingAccruedInterestAllowanceForCreditLossWriteoffAfterRecovery,SEC companyfacts API,"concept tier: stitched. Charge-offs (YTD-cumulative; annualized elsewhere via fact duration). Stitched: the post-CECL net concept (WriteoffAfterRecovery) is used wherever available -- it covers ~2021 onward, including the entire text-corpus window -- and the older gross WriteOffs concept fills the pre-2021 baseline only. So pre-2021 figures are GROSS of recoveries (marginally overstated vs net); the demo-window figures are unchanged net values. concept_used is recorded per row.",-1.9757688723205966,-22.77533039647577,-106000000.0,-1551000000.0
JPM,JPMorgan Chase,2021-03-31,10-Q,net_charge_offs,1468000000.0,1.47,USD,FinancingReceivableAllowanceForCreditLossesWriteOffs,SEC companyfacts API,"concept tier: stitched. Charge-offs (YTD-cumulative; annualized elsewhere via fact duration). Stitched: the post-CECL net concept (WriteoffAfterRecovery) is used wherever available -- it covers ~2021 onward, including the entire text-corpus window -- and the older gross WriteOffs concept fills the pre-2021 baseline only. So pre-2021 figures are GROSS of recoveries (marginally overstated vs net); the demo-window figures are unchanged net values. concept_used is recorded per row.",-72.08594789884009,-22.81808622502629,-3791000000.0,-434000000.0
JPM,JPMorgan Chase,2021-06-30,10-Q,net_charge_offs,2656000000.0,2.66,USD,FinancingReceivableAllowanceForCreditLossesWriteOffs,SEC companyfacts API,"concept tier: stitched. Charge-offs (YTD-cumulative; annualized elsewhere via fact duration). Stitched: the post-CECL net concept (WriteoffAfterRecovery) is used wherever available -- it covers ~2021 onward, including the entire text-corpus window -- and the older gross WriteOffs concept fills the pre-2021 baseline only. So pre-2021 figures are GROSS of recoveries (marginally overstated vs net); the demo-window figures are unchanged net values. concept_used is recorded per row.",80.92643051771117,-29.716856311193435,1188000000.0,-1123000000.0
JPM,JPMorgan Chase,2021-09-30,10-Q,net_charge_offs,2315000000.0,2.31,USD,FinancingReceivableExcludingAccruedInterestAllowanceForCreditLossWriteoffAfterRecovery,SEC companyfacts API,"concept tier: stitched. Charge-offs (YTD-cumulative; annualized elsewhere via fact duration). Stitched: the post-CECL net concept (WriteoffAfterRecovery) is used wherever available -- it covers ~2021 onward, including the entire text-corpus window -- and the older gross WriteOffs concept fills the pre-2021 baseline only. So pre-2021 figures are GROSS of recoveries (marginally overstated vs net); the demo-window figures are unchanged net values. concept_used is recorded per row.",-12.838855421686745,-56.849953401677546,-341000000.0,-3050000000.0
JPM,JPMorgan Chase,2021-12-31,10-K,net_charge_offs,2865000000.0,2.87,USD,FinancingReceivableExcludingAccruedInterestAllowanceForCreditLossWriteoffAfterRecovery,SEC companyfacts API,"concept tier: stitched. Charge-offs (YTD-cumulative; annualized elsewhere via fact duration). Stitched: the post-CECL net concept (WriteoffAfterRecovery) is used wherever available -- it covers ~2021 onward, including the entire text-corpus window -- and the older gross WriteOffs concept fills the pre-2021 baseline only. So pre-2021 figures are GROSS of recoveries (marginally overstated vs net); the demo-window figures are unchanged net values. concept_used is recorded per row.",23.758099352051836,-45.5219623502567,550000000.0,-2394000000.0
JPM,JPMorgan Chase,2022-03-31,10-Q,net_charge_offs,582000000.0,0.58,USD,FinancingReceivableExcludingAccruedInterestAllowanceForCreditLossWriteoffAfterRecovery,SEC companyfacts API,"concept tier: stitched. Charge-offs (YTD-cumulative; annualized elsewhere via fact duration). Stitched: the post-CECL net concept (WriteoffAfterRecovery) is used wherever available -- it covers ~2021 onward, including the entire text-corpus window -- and the older gross WriteOffs concept fills the pre-2021 baseline only. So pre-2021 figures are GROSS of recoveries (marginally overstated vs net); the demo-window figures are unchanged net values. concept_used is recorded per row.",-79.68586387434556,-60.3542234332425,-2283000000.0,-886000000.0
JPM,JPMorgan Chase,2022-06-30,10-Q,net_charge_offs,1239000000.0,1.24,USD,FinancingReceivableExcludingAccruedInterestAllowanceForCreditLossWriteoffAfterRecovery,SEC companyfacts API,"concept tier: stitched. Charge-offs (YTD-cumulative; annualized elsewhere via fact duration). Stitched: the post-CECL net concept (WriteoffAfterRecovery) is used wherever available -- it covers ~2021 onward, including the entire text-corpus window -- and the older gross WriteOffs concept fills the pre-2021 baseline only. So pre-2021 figures are GROSS of recoveries (marginally overstated vs net); the demo-window figures are unchanged net values. concept_used is recorded per row.",112.88659793814433,-53.350903614457835,657000000.0,-1417000000.0
JPM,JPMorgan Chase,2022-09-30,10-Q,net_charge_offs,1966000000.0,1.97,USD,FinancingReceivableExcludingAccruedInterestAllowanceForCreditLossWriteoffAfterRecovery,SEC companyfacts API,"concept tier: stitched. Charge-offs (YTD-cumulative; annualized elsewhere via fact duration). Stitched: the post-CECL net concept (WriteoffAfterRecovery) is used wherever available -- it covers ~2021 onward, including the entire text-corpus window -- and the older gross WriteOffs concept fills the pre-2021 baseline only. So pre-2021 figures are GROSS of recoveries (marginally overstated vs net); the demo-window figures are unchanged net values. concept_used is recorded per row.",58.67635189669088,-15.075593952483802,727000000.0,-349000000.0
JPM,JPMorgan Chase,2022-12-31,10-K,net_charge_offs,2853000000.0,2.85,USD,FinancingReceivableExcludingAccruedInterestAllowanceForCreditLossWriteoffAfterRecovery,SEC companyfacts API,"concept tier: stitched. Charge-offs (YTD-cumulative; annualized elsewhere via fact duration). Stitched: the post-CECL net concept (WriteoffAfterRecovery) is used wherever available -- it covers ~2021 onward, including the entire text-corpus window -- and the older gross WriteOffs concept fills the pre-2021 baseline only. So pre-2021 figures are GROSS of recoveries (marginally overstated vs net); the demo-window figures are unchanged net values. concept_used is recorded per row.",45.11698880976602,-0.41884816753926707,887000000.0,-12000000.0
JPM,JPMorgan Chase,2023-03-31,10-Q,net_charge_offs,1137000000.0,1.14,USD,FinancingReceivableExcludingAccruedInterestAllowanceForCreditLossWriteoffAfterRecovery,SEC companyfacts API,"concept tier: stitched. Charge-offs (YTD-cumulative; annualized elsewhere via fact duration). Stitched: the post-CECL net concept (WriteoffAfterRecovery) is used wherever available -- it covers ~2021 onward, including the entire text-corpus window -- and the older gross WriteOffs concept fills the pre-2021 baseline only. So pre-2021 figures are GROSS of recoveries (marginally overstated vs net); the demo-window figures are unchanged net values. concept_used is recorded per row.",-60.1472134595163,95.36082474226805,-1716000000.0,555000000.0
JPM,JPMorgan Chase,2023-06-30,10-Q,net_charge_offs,2548000000.0,2.55,USD,FinancingReceivableExcludingAccruedInterestAllowanceForCreditLossWriteoffAfterRecovery,SEC companyfacts API,"concept tier: stitched. Charge-offs (YTD-cumulative; annualized elsewhere via fact duration). Stitched: the post-CECL net concept (WriteoffAfterRecovery) is used wherever available -- it covers ~2021 onward, including the entire text-corpus window -- and the older gross WriteOffs concept fills the pre-2021 baseline only. So pre-2021 figures are GROSS of recoveries (marginally overstated vs net); the demo-window figures are unchanged net values. concept_used is recorded per row.",124.09850483729113,105.64971751412429,1411000000.0,1309000000.0
JPM,JPMorgan Chase,2023-09-30,10-Q,net_charge_offs,4045000000.0,4.04,USD,FinancingReceivableExcludingAccruedInterestAllowanceForCreditLossWriteoffAfterRecovery,SEC companyfacts API,"concept tier: stitched. Charge-offs (YTD-cumulative; annualized elsewhere via fact duration). Stitched: the post-CECL net concept (WriteoffAfterRecovery) is used wherever available -- it covers ~2021 onward, including the entire text-corpus window -- and the older gross WriteOffs concept fills the pre-2021 baseline only. So pre-2021 figures are GROSS of recoveries (marginally overstated vs net); the demo-window figures are unchanged net values. concept_used is recorded per row.",58.75196232339089,105.74771108850459,1497000000.0,2079000000.0
JPM,JPMorgan Chase,2023-12-31,10-K,net_charge_offs,6209000000.0,6.21,USD,FinancingReceivableExcludingAccruedInterestAllowanceForCreditLossWriteoffAfterRecovery,SEC companyfacts API,"concept tier: stitched. Charge-offs (YTD-cumulative; annualized elsewhere via fact duration). Stitched: the post-CECL net concept (WriteoffAfterRecovery) is used wherever available -- it covers ~2021 onward, including the entire text-corpus window -- and the older gross WriteOffs concept fills the pre-2021 baseline only. So pre-2021 figures are GROSS of recoveries (marginally overstated vs net); the demo-window figures are unchanged net values. concept_used is recorded per row.",53.49814585908529,117.63056431826149,2164000000.0,3356000000.0
JPM,JPMorgan Chase,2024-03-31,10-Q,net_charge_offs,1956000000.0,1.96,USD,FinancingReceivableExcludingAccruedInterestAllowanceForCreditLossWriteoffAfterRecovery,SEC companyfacts API,"concept tier: stitched. Charge-offs (YTD-cumulative; annualized elsewhere via fact duration). Stitched: the post-CECL net concept (WriteoffAfterRecovery) is used wherever available -- it covers ~2021 onward, including the entire text-corpus window -- and the older gross WriteOffs concept fills the pre-2021 baseline only. So pre-2021 figures are GROSS of recoveries (marginally overstated vs net); the demo-window figures are unchanged net values. concept_used is recorded per row.",-68.4973425672411,72.0316622691293,-4253000000.0,819000000.0
JPM,JPMorgan Chase,2019-03-31,10-Q,provision_for_credit_losses,1495000000.0,1.5,USD,ProvisionForLoanLeaseAndOtherLosses,SEC companyfacts API,concept tier: primary. Income-statement provision expense. Concept tagging is bank-specific post-CECL; treat cross-bank comparison as directional rather than exact line-item equivalence.,,,,
JPM,JPMorgan Chase,2019-06-30,10-Q,provision_for_credit_losses,1149000000.0,1.15,USD,ProvisionForLoanLeaseAndOtherLosses,SEC companyfacts API,concept tier: primary. Income-statement provision expense. Concept tagging is bank-specific post-CECL; treat cross-bank comparison as directional rather than exact line-item equivalence.,-23.1438127090301,,-346000000.0,
JPM,JPMorgan Chase,2019-09-30,10-Q,provision_for_credit_losses,1514000000.0,1.51,USD,ProvisionForLoanLeaseAndOtherLosses,SEC companyfacts API,concept tier: primary. Income-statement provision expense. Concept tagging is bank-specific post-CECL; treat cross-bank comparison as directional rather than exact line-item equivalence.,31.766753698868584,,365000000.0,
JPM,JPMorgan Chase,2019-12-31,10-K,provision_for_credit_losses,5585000000.0,5.58,USD,ProvisionForLoanLeaseAndOtherLosses,SEC companyfacts API,concept tier: primary. Income-statement provision expense. Concept tagging is bank-specific post-CECL; treat cross-bank comparison as directional rather than exact line-item equivalence.,268.89035667107,,4071000000.0,
JPM,JPMorgan Chase,2020-03-31,10-Q,provision_for_credit_losses,8285000000.0,8.29,USD,ProvisionForLoanLeaseAndOtherLosses,SEC companyfacts API,concept tier: primary. Income-statement provision expense. Concept tagging is bank-specific post-CECL; treat cross-bank comparison as directional rather than exact line-item equivalence.,48.343777976723366,454.18060200668896,2700000000.0,6790000000.0
JPM,JPMorgan Chase,2020-06-30,10-Q,provision_for_credit_losses,10473000000.0,10.47,USD,ProvisionForLoanLeaseAndOtherLosses,SEC companyfacts API,concept tier: primary. Income-statement provision expense. Concept tagging is bank-specific post-CECL; treat cross-bank comparison as directional rather than exact line-item equivalence.,26.4091732045866,811.4882506527415,2188000000.0,9324000000.0
JPM,JPMorgan Chase,2020-09-30,10-Q,provision_for_credit_losses,611000000.0,0.61,USD,ProvisionForLoanLeaseAndOtherLosses,SEC companyfacts API,concept tier: primary. Income-statement provision expense. Concept tagging is bank-specific post-CECL; treat cross-bank comparison as directional rather than exact line-item equivalence.,-94.16595053948248,-59.643328929986794,-9862000000.0,-903000000.0
JPM,JPMorgan Chase,2020-12-31,10-K,provision_for_credit_losses,17480000000.0,17.48,USD,ProvisionForLoanLeaseAndOtherLosses,SEC companyfacts API,concept tier: primary. Income-statement provision expense. Concept tagging is bank-specific post-CECL; treat cross-bank comparison as directional rather than exact line-item equivalence.,2760.88379705401,212.98119964189794,16869000000.0,11895000000.0
JPM,JPMorgan Chase,2021-03-31,10-Q,provision_for_credit_losses,-4156000000.0,-4.16,USD,ProvisionForLoanLeaseAndOtherLosses,SEC companyfacts API,concept tier: primary. Income-statement provision expense. Concept tagging is bank-specific post-CECL; treat cross-bank comparison as directional rather than exact line-item equivalence.,-123.77574370709381,-150.16294508147254,-21636000000.0,-12441000000.0
JPM,JPMorgan Chase,2021-06-30,10-Q,provision_for_credit_losses,-2285000000.0,-2.29,USD,ProvisionForLoanLeaseAndOtherLosses,SEC companyfacts API,concept tier: primary. Income-statement provision expense. Concept tagging is bank-specific post-CECL; treat cross-bank comparison as directional rather than exact line-item equivalence.,45.01924927815207,-121.81800821159172,1871000000.0,-12758000000.0
JPM,JPMorgan Chase,2021-09-30,10-Q,provision_for_credit_losses,-1527000000.0,-1.53,USD,ProvisionForLoanLeaseAndOtherLosses,SEC companyfacts API,concept tier: primary. Income-statement provision expense. Concept tagging is bank-specific post-CECL; treat cross-bank comparison as directional rather than exact line-item equivalence.,33.17286652078775,-349.91816693944355,758000000.0,-2138000000.0
JPM,JPMorgan Chase,2021-12-31,10-K,provision_for_credit_losses,-9256000000.0,-9.26,USD,ProvisionForLoanLeaseAndOtherLosses,SEC companyfacts API,concept tier: primary. Income-statement provision expense. Concept tagging is bank-specific post-CECL; treat cross-bank comparison as directional rather than exact line-item equivalence.,-506.1558611656843,-152.95194508009155,-7729000000.0,-26736000000.0
JPM,JPMorgan Chase,2022-03-31,10-Q,provision_for_credit_losses,1463000000.0,1.46,USD,ProvisionForLoanLeaseAndOtherLosses,SEC companyfacts API,concept tier: primary. Income-statement provision expense. Concept tagging is bank-specific post-CECL; treat cross-bank comparison as directional rather than exact line-item equivalence.,115.80596369922213,135.20211742059672,10719000000.0,5619000000.0
JPM,JPMorgan Chase,2022-06-30,10-Q,provision_for_credit_losses,1101000000.0,1.1,USD,ProvisionForLoanLeaseAndOtherLosses,SEC companyfacts API,concept tier: primary. Income-statement provision expense. Concept tagging is bank-specific post-CECL; treat cross-bank comparison as directional rather than exact line-item equivalence.,-24.743677375256322,148.18380743982496,-362000000.0,3386000000.0
JPM,JPMorgan Chase,2022-09-30,10-Q,provision_for_credit_losses,1537000000.0,1.54,USD,ProvisionForLoanLeaseAndOtherLosses,SEC companyfacts API,concept tier: primary. Income-statement provision expense. Concept tagging is bank-specific post-CECL; treat cross-bank comparison as directional rather than exact line-item equivalence.,39.60036330608538,200.65487884741322,436000000.0,3064000000.0
JPM,JPMorgan Chase,2022-12-31,10-K,provision_for_credit_losses,6389000000.0,6.39,USD,ProvisionForLoanLeaseAndOtherLosses,SEC companyfacts API,concept tier: primary. Income-statement provision expense. Concept tagging is bank-specific post-CECL; treat cross-bank comparison as directional rather than exact line-item equivalence.,315.6798959011061,169.02549697493518,4852000000.0,15645000000.0
JPM,JPMorgan Chase,2023-03-31,10-Q,provision_for_credit_losses,2275000000.0,2.27,USD,ProvisionForLoanLeaseAndOtherLosses,SEC companyfacts API,concept tier: primary. Income-statement provision expense. Concept tagging is bank-specific post-CECL; treat cross-bank comparison as directional rather than exact line-item equivalence.,-64.39192361871967,55.50239234449761,-4114000000.0,812000000.0
JPM,JPMorgan Chase,2023-06-30,10-Q,provision_for_credit_losses,2899000000.0,2.9,USD,ProvisionForLoanLeaseAndOtherLosses,SEC companyfacts API,concept tier: primary. Income-statement provision expense. Concept tagging is bank-specific post-CECL; treat cross-bank comparison as directional rather than exact line-item equivalence.,27.42857142857143,163.30608537693004,624000000.0,1798000000.0
JPM,JPMorgan Chase,2023-09-30,10-Q,provision_for_credit_losses,1384000000.0,1.38,USD,ProvisionForLoanLeaseAndOtherLosses,SEC companyfacts API,concept tier: primary. Income-statement provision expense. Concept tagging is bank-specific post-CECL; treat cross-bank comparison as directional rather than exact line-item equivalence.,-52.25939979303208,-9.954456733897201,-1515000000.0,-153000000.0
JPM,JPMorgan Chase,2023-12-31,10-K,provision_for_credit_losses,9320000000.0,9.32,USD,ProvisionForLoanLeaseAndOtherLosses,SEC companyfacts API,concept tier: primary. Income-statement provision expense. Concept tagging is bank-specific post-CECL; treat cross-bank comparison as directional rather than exact line-item equivalence.,573.4104046242775,45.875723900453906,7936000000.0,2931000000.0
JPM,JPMorgan Chase,2024-03-31,10-Q,provision_for_credit_losses,1884000000.0,1.88,USD,ProvisionForLoanLeaseAndOtherLosses,SEC companyfacts API,concept tier: primary. Income-statement provision expense. Concept tagging is bank-specific post-CECL; treat cross-bank comparison as directional rather than exact line-item equivalence.,-79.78540772532189,-17.18681318681319,-7436000000.0,-391000000.0
JPM,JPMorgan Chase,2019-12-31,10-K,total_loans,932478000000.0,932.48,USD,computed: FinancingReceivableExcludingAccruedInterestBeforeAllowanceForCreditLoss minus FinancingReceivableAllowanceForCreditLossExcludingAccruedInterest,computed,"concept tier: computed. Loan portfolio balance, net of allowance for credit losses. Computed as gross loans minus allowance rather than trusting each bank's own '...AfterAllowanceForCreditLoss' tag: that tag is internally inconsistent for JPM (its 'after' value is HIGHER than its 'before' value in every period -- impossible for a true net-of-allowance figure), even though it happens to equal before-minus-allowance exactly for BAC and C. Computing it ourselves guarantees net <= gross for all 3 banks.",,,,
JPM,JPMorgan Chase,2020-09-30,10-Q,total_loans,914723000000.0,914.72,USD,computed: FinancingReceivableExcludingAccruedInterestBeforeAllowanceForCreditLoss minus FinancingReceivableAllowanceForCreditLossExcludingAccruedInterest,computed,"concept tier: computed. Loan portfolio balance, net of allowance for credit losses. Computed as gross loans minus allowance rather than trusting each bank's own '...AfterAllowanceForCreditLoss' tag: that tag is internally inconsistent for JPM (its 'after' value is HIGHER than its 'before' value in every period -- impossible for a true net-of-allowance figure), even though it happens to equal before-minus-allowance exactly for BAC and C. Computing it ourselves guarantees net <= gross for all 3 banks.",-1.904066369394238,,-17755000000.0,
JPM,JPMorgan Chase,2020-12-31,10-K,total_loans,932178000000.0,932.18,USD,computed: FinancingReceivableExcludingAccruedInterestBeforeAllowanceForCreditLoss minus FinancingReceivableAllowanceForCreditLossExcludingAccruedInterest,computed,"concept tier: computed. Loan portfolio balance, net of allowance for credit losses. Computed as gross loans minus allowance rather than trusting each bank's own '...AfterAllowanceForCreditLoss' tag: that tag is internally inconsistent for JPM (its 'after' value is HIGHER than its 'before' value in every period -- impossible for a true net-of-allowance figure), even though it happens to equal before-minus-allowance exactly for BAC and C. Computing it ourselves guarantees net <= gross for all 3 banks.",1.9082279553482313,,17455000000.0,
JPM,JPMorgan Chase,2021-03-31,10-Q,total_loans,925641000000.0,925.64,USD,computed: FinancingReceivableExcludingAccruedInterestBeforeAllowanceForCreditLoss minus FinancingReceivableAllowanceForCreditLossExcludingAccruedInterest,computed,"concept tier: computed. Loan portfolio balance, net of allowance for credit losses. Computed as gross loans minus allowance rather than trusting each bank's own '...AfterAllowanceForCreditLoss' tag: that tag is internally inconsistent for JPM (its 'after' value is HIGHER than its 'before' value in every period -- impossible for a true net-of-allowance figure), even though it happens to equal before-minus-allowance exactly for BAC and C. Computing it ourselves guarantees net <= gross for all 3 banks.",-0.7012609179791842,,-6537000000.0,
JPM,JPMorgan Chase,2021-06-30,10-Q,total_loans,944165000000.0,944.16,USD,computed: FinancingReceivableExcludingAccruedInterestBeforeAllowanceForCreditLoss minus FinancingReceivableAllowanceForCreditLossExcludingAccruedInterest,computed,"concept tier: computed. Loan portfolio balance, net of allowance for credit losses. Computed as gross loans minus allowance rather than trusting each bank's own '...AfterAllowanceForCreditLoss' tag: that tag is internally inconsistent for JPM (its 'after' value is HIGHER than its 'before' value in every period -- impossible for a true net-of-allowance figure), even though it happens to equal before-minus-allowance exactly for BAC and C. Computing it ourselves guarantees net <= gross for all 3 banks.",2.0012078116678067,1.2533271562439008,18524000000.0,11687000000.0
JPM,JPMorgan Chase,2021-09-30,10-Q,total_loans,956110000000.0,956.11,USD,computed: FinancingReceivableExcludingAccruedInterestBeforeAllowanceForCreditLoss minus FinancingReceivableAllowanceForCreditLossExcludingAccruedInterest,computed,"concept tier: computed. Loan portfolio balance, net of allowance for credit losses. Computed as gross loans minus allowance rather than trusting each bank's own '...AfterAllowanceForCreditLoss' tag: that tag is internally inconsistent for JPM (its 'after' value is HIGHER than its 'before' value in every period -- impossible for a true net-of-allowance figure), even though it happens to equal before-minus-allowance exactly for BAC and C. Computing it ourselves guarantees net <= gross for all 3 banks.",1.2651390381977725,4.524539122772686,11945000000.0,41387000000.0
JPM,JPMorgan Chase,2021-12-31,10-K,total_loans,993820000000.0,993.82,USD,computed: FinancingReceivableExcludingAccruedInterestBeforeAllowanceForCreditLoss minus FinancingReceivableAllowanceForCreditLossExcludingAccruedInterest,computed,"concept tier: computed. Loan portfolio balance, net of allowance for credit losses. Computed as gross loans minus allowance rather than trusting each bank's own '...AfterAllowanceForCreditLoss' tag: that tag is internally inconsistent for JPM (its 'after' value is HIGHER than its 'before' value in every period -- impossible for a true net-of-allowance figure), even though it happens to equal before-minus-allowance exactly for BAC and C. Computing it ourselves guarantees net <= gross for all 3 banks.",3.9441068496302725,6.612685560053981,37710000000.0,61642000000.0
JPM,JPMorgan Chase,2022-03-31,10-Q,total_loans,1001205000000.0,1001.21,USD,computed: FinancingReceivableExcludingAccruedInterestBeforeAllowanceForCreditLoss minus FinancingReceivableAllowanceForCreditLossExcludingAccruedInterest,computed,"concept tier: computed. Loan portfolio balance, net of allowance for credit losses. Computed as gross loans minus allowance rather than trusting each bank's own '...AfterAllowanceForCreditLoss' tag: that tag is internally inconsistent for JPM (its 'after' value is HIGHER than its 'before' value in every period -- impossible for a true net-of-allowance figure), even though it happens to equal before-minus-allowance exactly for BAC and C. Computing it ourselves guarantees net <= gross for all 3 banks.",0.7430923104787588,8.163424048848311,7385000000.0,75564000000.0
JPM,JPMorgan Chase,2022-06-30,10-Q,total_loans,1034640000000.0,1034.64,USD,computed: FinancingReceivableExcludingAccruedInterestBeforeAllowanceForCreditLoss minus FinancingReceivableAllowanceForCreditLossExcludingAccruedInterest,computed,"concept tier: computed. Loan portfolio balance, net of allowance for credit losses. Computed as gross loans minus allowance rather than trusting each bank's own '...AfterAllowanceForCreditLoss' tag: that tag is internally inconsistent for JPM (its 'after' value is HIGHER than its 'before' value in every period -- impossible for a true net-of-allowance figure), even though it happens to equal before-minus-allowance exactly for BAC and C. Computing it ourselves guarantees net <= gross for all 3 banks.",3.3394759315025397,9.582541187186562,33435000000.0,90475000000.0
JPM,JPMorgan Chase,2022-09-30,10-Q,total_loans,1049888000000.0,1049.89,USD,computed: FinancingReceivableExcludingAccruedInterestBeforeAllowanceForCreditLoss minus FinancingReceivableAllowanceForCreditLossExcludingAccruedInterest,computed,"concept tier: computed. Loan portfolio balance, net of allowance for credit losses. Computed as gross loans minus allowance rather than trusting each bank's own '...AfterAllowanceForCreditLoss' tag: that tag is internally inconsistent for JPM (its 'after' value is HIGHER than its 'before' value in every period -- impossible for a true net-of-allowance figure), even though it happens to equal before-minus-allowance exactly for BAC and C. Computing it ourselves guarantees net <= gross for all 3 banks.",1.473749323436171,9.808285657508026,15248000000.0,93778000000.0
JPM,JPMorgan Chase,2022-12-31,10-K,total_loans,1069872000000.0,1069.87,USD,computed: FinancingReceivableExcludingAccruedInterestBeforeAllowanceForCreditLoss minus FinancingReceivableAllowanceForCreditLossExcludingAccruedInterest,computed,"concept tier: computed. Loan portfolio balance, net of allowance for credit losses. Computed as gross loans minus allowance rather than trusting each bank's own '...AfterAllowanceForCreditLoss' tag: that tag is internally inconsistent for JPM (its 'after' value is HIGHER than its 'before' value in every period -- impossible for a true net-of-allowance figure), even though it happens to equal before-minus-allowance exactly for BAC and C. Computing it ourselves guarantees net <= gross for all 3 banks.",1.9034411289585176,7.6524924030508545,19984000000.0,76052000000.0
JPM,JPMorgan Chase,2023-03-31,10-Q,total_loans,1064797000000.0,1064.8,USD,computed: FinancingReceivableExcludingAccruedInterestBeforeAllowanceForCreditLoss minus FinancingReceivableAllowanceForCreditLossExcludingAccruedInterest,computed,"concept tier: computed. Loan portfolio balance, net of allowance for credit losses. Computed as gross loans minus allowance rather than trusting each bank's own '...AfterAllowanceForCreditLoss' tag: that tag is internally inconsistent for JPM (its 'after' value is HIGHER than its 'before' value in every period -- impossible for a true net-of-allowance figure), even though it happens to equal before-minus-allowance exactly for BAC and C. Computing it ourselves guarantees net <= gross for all 3 banks.",-0.4743558107885803,6.3515463866041415,-5075000000.0,63592000000.0
JPM,JPMorgan Chase,2023-06-30,10-Q,total_loans,1233708000000.0,1233.71,USD,computed: FinancingReceivableExcludingAccruedInterestBeforeAllowanceForCreditLoss minus FinancingReceivableAllowanceForCreditLossExcludingAccruedInterest,computed,"concept tier: computed. Loan portfolio balance, net of allowance for credit losses. Computed as gross loans minus allowance rather than trusting each bank's own '...AfterAllowanceForCreditLoss' tag: that tag is internally inconsistent for JPM (its 'after' value is HIGHER than its 'before' value in every period -- impossible for a true net-of-allowance figure), even though it happens to equal before-minus-allowance exactly for BAC and C. Computing it ourselves guarantees net <= gross for all 3 banks.",15.86321148538172,19.24031547204825,168911000000.0,199068000000.0
JPM,JPMorgan Chase,2023-09-30,10-Q,total_loans,1243995000000.0,1243.99,USD,computed: FinancingReceivableExcludingAccruedInterestBeforeAllowanceForCreditLoss minus FinancingReceivableAllowanceForCreditLossExcludingAccruedInterest,computed,"concept tier: computed. Loan portfolio balance, net of allowance for credit losses. Computed as gross loans minus allowance rather than trusting each bank's own '...AfterAllowanceForCreditLoss' tag: that tag is internally inconsistent for JPM (its 'after' value is HIGHER than its 'before' value in every period -- impossible for a true net-of-allowance figure), even though it happens to equal before-minus-allowance exactly for BAC and C. Computing it ourselves guarantees net <= gross for all 3 banks.",0.8338277777237401,18.488353043372246,10287000000.0,194107000000.0
JPM,JPMorgan Chase,2023-12-31,10-K,total_loans,1258450000000.0,1258.45,USD,computed: FinancingReceivableExcludingAccruedInterestBeforeAllowanceForCreditLoss minus FinancingReceivableAllowanceForCreditLossExcludingAccruedInterest,computed,"concept tier: computed. Loan portfolio balance, net of allowance for credit losses. Computed as gross loans minus allowance rather than trusting each bank's own '...AfterAllowanceForCreditLoss' tag: that tag is internally inconsistent for JPM (its 'after' value is HIGHER than its 'before' value in every period -- impossible for a true net-of-allowance figure), even though it happens to equal before-minus-allowance exactly for BAC and C. Computing it ourselves guarantees net <= gross for all 3 banks.",1.1619821623077262,17.626220706776138,14455000000.0,188578000000.0
JPM,JPMorgan Chase,2024-03-31,10-Q,total_loans,1241742000000.0,1241.74,USD,computed: FinancingReceivableExcludingAccruedInterestBeforeAllowanceForCreditLoss minus FinancingReceivableAllowanceForCreditLossExcludingAccruedInterest,computed,"concept tier: computed. Loan portfolio balance, net of allowance for credit losses. Computed as gross loans minus allowance rather than trusting each bank's own '...AfterAllowanceForCreditLoss' tag: that tag is internally inconsistent for JPM (its 'after' value is HIGHER than its 'before' value in every period -- impossible for a true net-of-allowance figure), even though it happens to equal before-minus-allowance exactly for BAC and C. Computing it ourselves guarantees net <= gross for all 3 banks.",-1.327664984703405,16.61772149996666,-16708000000.0,176945000000.0
